job_key,company,role,location,link,first_seen
"hdfc securities|product manager|mumbai, maharashtra, india",HDFC securities,Product Manager,"Mumbai, Maharashtra, India",https://in.linkedin.com/jobs/view/product-manager-at-hdfc-securities-4433053112?position=1&pageNum=0&refId=pd7N9mmnIkKrbDg24NNqlg%3D%3D&trackingId=BHtIy0R%2F1VBqB529oW7WoQ%3D%3D,2026-07-17
"meril|product manager|mumbai, maharashtra, india",Meril,Product Manager,"Mumbai, Maharashtra, India",https://in.linkedin.com/jobs/view/product-manager-at-meril-4430460012?position=2&pageNum=0&refId=pd7N9mmnIkKrbDg24NNqlg%3D%3D&trackingId=3vW6Kyj%2FWYsmbtIgYrSbaw%3D%3D,2026-07-17
"noon|product manager|gurugram, haryana, india",noon,Product Manager,"Gurugram, Haryana, India",https://in.linkedin.com/jobs/view/product-manager-at-noon-4434929862?position=4&pageNum=0&refId=pd7N9mmnIkKrbDg24NNqlg%3D%3D&trackingId=NR9EllI3pmEGbqW1dYIPlg%3D%3D,2026-07-17
"nykaa|product manager ii - customer fulfillment & post-order experience|gurugram, haryana, india",Nykaa,Product Manager II - Customer Fulfillment & Post-Order Experience,"Gurugram, Haryana, India",https://in.linkedin.com/jobs/view/product-manager-ii-customer-fulfillment-post-order-experience-at-nykaa-4440662097?position=7&pageNum=0&refId=pd7N9mmnIkKrbDg24NNqlg%3D%3D&trackingId=eAJ%2BlHnYzct4Gab%2BStoTcg%3D%3D,2026-07-17
"airtel digital|associate product manager|gurugram, haryana, india",Airtel Digital,Associate Product Manager,"Gurugram, Haryana, India",https://in.linkedin.com/jobs/view/associate-product-manager-at-airtel-digital-4430882803?position=8&pageNum=0&refId=pd7N9mmnIkKrbDg24NNqlg%3D%3D&trackingId=0DSY%2BU%2BVFVE2SVWnEGtLgQ%3D%3D,2026-07-17
"pivotree|product manager|mumbai, maharashtra, india",Pivotree,Product Manager,"Mumbai, Maharashtra, India",https://in.linkedin.com/jobs/view/product-manager-at-pivotree-4367455184?position=2&pageNum=2&refId=KnUto4RqwP%2Fag3z3EeJAdg%3D%3D&trackingId=l4eWeuQkVjZnTwxgXtXyMQ%3D%3D,2026-07-17
"syook|product manager|noida, uttar pradesh, india",Syook,Product Manager,"Noida, Uttar Pradesh, India",https://in.linkedin.com/jobs/view/product-manager-at-syook-4436944607?position=5&pageNum=2&refId=KnUto4RqwP%2Fag3z3EeJAdg%3D%3D&trackingId=%2Bq7bFoXCJXE7abdbIvtjKA%3D%3D,2026-07-17
"atlys|product manager|delhi, india",Atlys,Product Manager,"Delhi, India",https://in.linkedin.com/jobs/view/product-manager-at-atlys-4437357961?position=10&pageNum=2&refId=KnUto4RqwP%2Fag3z3EeJAdg%3D%3D&trackingId=dmICg8OfsAHPonfVhmkwkw%3D%3D,2026-07-17
"meril life sciences|product manager|delhi, india",Meril Life Sciences,Product Manager,"Delhi, India",https://in.linkedin.com/jobs/view/product-manager-4438634667?position=1&pageNum=5&refId=kYcdkjUkhvWRssoaVDajGg%3D%3D&trackingId=Rg%2BeJG2nPitANOJdyxXbYw%3D%3D&trk=public_jobs_jserp-result_search-card,2026-07-17
"cvent|senior product manager|gurugram, haryana, india",Cvent,Senior Product Manager,"Gurugram, Haryana, India",https://in.linkedin.com/jobs/view/senior-product-manager-at-cvent-4439194498?position=8&pageNum=5&refId=kYcdkjUkhvWRssoaVDajGg%3D%3D&trackingId=xf6lXxU9avzi7flqXG45hw%3D%3D,2026-07-17
"tata consultancy services|product manager|mumbai, maharashtra, india",Tata Consultancy Services,Product Manager,"Mumbai, Maharashtra, India",https://in.linkedin.com/jobs/view/product-manager-at-tata-consultancy-services-4439871893?position=10&pageNum=5&refId=kYcdkjUkhvWRssoaVDajGg%3D%3D&trackingId=2Glqw%2B7KviZfgSQ%2FBJNyVA%3D%3D,2026-07-17
"spinny|senior product manager|gurugram, haryana, india",Spinny,Senior Product Manager,"Gurugram, Haryana, India",https://in.linkedin.com/jobs/view/senior-product-manager-at-spinny-4434988516?position=3&pageNum=7&refId=YeqQJERtu4uHlxbPWEvhdg%3D%3D&trackingId=RMunrQ1mqAbepm4nKm0q5Q%3D%3D,2026-07-17
"airtel digital|product manager - platforms|gurugram, haryana, india",Airtel Digital,Product Manager - Platforms,"Gurugram, Haryana, India",https://in.linkedin.com/jobs/view/product-manager-platforms-at-airtel-digital-4434834303?position=10&pageNum=7&refId=YeqQJERtu4uHlxbPWEvhdg%3D%3D&trackingId=Cw%2B4oFC4Os3PBSTu28PStw%3D%3D,2026-07-17
"luxasia|product manager intern|delhi, india",LUXASIA,Product Manager Intern,"Delhi, India",https://in.linkedin.com/jobs/view/product-manager-intern-at-luxasia-4392329301?position=4&pageNum=2&refId=4ca8NgNjc3aPOZIq%2BCUjnw%3D%3D&trackingId=u64cHrm8BTC5mgR8B81AJQ%3D%3D,2026-07-17
"the sleep company|assistant product manager - ai|mumbai, maharashtra, india",The Sleep Company,Assistant Product Manager - Ai,"Mumbai, Maharashtra, India",https://in.linkedin.com/jobs/view/assistant-product-manager-ai-at-the-sleep-company-4436526409?position=1&pageNum=5&refId=Apva%2BI8Fdhv45SIsPlu1Fg%3D%3D&trackingId=MkU1TNkTpwnI46VygeiUpw%3D%3D,2026-07-17
"sustainiam|associate product manager|noida, uttar pradesh, india",Sustainiam,Associate Product Manager,"Noida, Uttar Pradesh, India",https://in.linkedin.com/jobs/view/associate-product-manager-at-sustainiam-4432147011?position=2&pageNum=5&refId=Apva%2BI8Fdhv45SIsPlu1Fg%3D%3D&trackingId=dGHbp2w6tCqSee6SRKWdcQ%3D%3D,2026-07-17
"travclan|product manager|new delhi, delhi, india",TravClan,Product Manager,"New Delhi, Delhi, India",https://in.linkedin.com/jobs/view/product-manager-at-travclan-4439408203?position=6&pageNum=5&refId=Apva%2BI8Fdhv45SIsPlu1Fg%3D%3D&trackingId=wJH3MrwXk5AxafRambAt0A%3D%3D,2026-07-17
"tartanhq|product manager|gurugram, haryana, india",TartanHQ,Product Manager,"Gurugram, Haryana, India",https://in.linkedin.com/jobs/view/product-manager-at-tartanhq-4437051453?position=7&pageNum=5&refId=Apva%2BI8Fdhv45SIsPlu1Fg%3D%3D&trackingId=gBOXVSleeygQkBw7AYnivw%3D%3D,2026-07-17
"olx india|product manager|gurugram, haryana, india",OLX India,Product Manager,"Gurugram, Haryana, India",https://in.linkedin.com/jobs/view/product-manager-at-olx-india-4435951476?position=1&pageNum=7&refId=wjxytE8aA3Bi6s9V408Blg%3D%3D&trackingId=BjwhAc7aRVDwEX7VRh2JBw%3D%3D,2026-07-17
"vetic|product manager|gurugram, haryana, india",Vetic,Product Manager,"Gurugram, Haryana, India",https://in.linkedin.com/jobs/view/product-manager-at-vetic-4437975069?position=2&pageNum=7&refId=wjxytE8aA3Bi6s9V408Blg%3D%3D&trackingId=%2Fy6tOEGLom6Y1%2Bcp7ntJIw%3D%3D,2026-07-17
"somo media|associate product manager in delhi|delhi, india",Somo Media,Associate Product Manager in Delhi,"Delhi, India",https://in.linkedin.com/jobs/view/associate-product-manager-in-delhi-at-somo-media-4434056675?position=3&pageNum=7&refId=wjxytE8aA3Bi6s9V408Blg%3D%3D&trackingId=hYZUHuD7Fq7%2Bf7H6UyBEJw%3D%3D,2026-07-17
"policybazaar.com|product manager|gurugram, haryana, india",Policybazaar.com,Product Manager,"Gurugram, Haryana, India",https://in.linkedin.com/jobs/view/product-manager-at-policybazaar-com-4433931508?position=4&pageNum=7&refId=wjxytE8aA3Bi6s9V408Blg%3D%3D&trackingId=7n3YwW0X5hBFG5ZhaUYCpA%3D%3D,2026-07-17
"edme insurance brokers|associate product manager (apm)|mumbai, maharashtra, india",Edme Insurance Brokers,Associate Product Manager (APM),"Mumbai, Maharashtra, India",https://in.linkedin.com/jobs/view/associate-product-manager-apm-at-edme-insurance-brokers-4432099543?position=5&pageNum=7&refId=wjxytE8aA3Bi6s9V408Blg%3D%3D&trackingId=6X%2B5Pl2lH8G%2F56PzDKp24w%3D%3D,2026-07-17
"kite|associate product manager — credit & lending platform|gurgaon, haryana, india",Kite,Associate Product Manager — Credit & Lending Platform,"Gurgaon, Haryana, India",https://in.linkedin.com/jobs/view/associate-product-manager-%E2%80%94-credit-lending-platform-at-kite-4437485428?position=7&pageNum=7&refId=wjxytE8aA3Bi6s9V408Blg%3D%3D&trackingId=9AVbqPgc8idE6JDZCQ8izg%3D%3D,2026-07-17
"the whole truth foods|product manager|mumbai, maharashtra, india",The Whole Truth Foods,Product Manager,"Mumbai, Maharashtra, India",https://in.linkedin.com/jobs/view/product-manager-at-the-whole-truth-foods-4438706990?position=10&pageNum=7&refId=wjxytE8aA3Bi6s9V408Blg%3D%3D&trackingId=v1mE3kWrO1rvKmM1W3bPLg%3D%3D,2026-07-17
"birdeye|senior product manager|gurugram, haryana, india",Birdeye,Senior Product Manager,"Gurugram, Haryana, India",https://in.linkedin.com/jobs/view/senior-product-manager-at-birdeye-4416853480?position=4&pageNum=0&refId=xv%2BjBLv9YaajkvkVcu79tA%3D%3D&trackingId=xDveWFnDclEQNdHMN%2FAP9w%3D%3D,2026-07-17
cloudeagle.ai|senior product manager|mumbai metropolitan region,CloudEagle.ai,Senior Product Manager,Mumbai Metropolitan Region,https://in.linkedin.com/jobs/view/senior-product-manager-at-cloudeagle-ai-4377658101?position=6&pageNum=0&refId=xv%2BjBLv9YaajkvkVcu79tA%3D%3D&trackingId=0yahB4YKOof1jjDX7RGupg%3D%3D,2026-07-17
"disco|senior product manager - india|gurugram, haryana, india",DISCO,Senior Product Manager - India,"Gurugram, Haryana, India",https://in.linkedin.com/jobs/view/senior-product-manager-india-at-disco-4426617242?position=1&pageNum=2&refId=ZefeVL0knF%2B4z3P7Bcv8Pw%3D%3D&trackingId=r4S8sNUDRPs3NAiMJLS5kA%3D%3D,2026-07-17
"adobe|senior product manager|noida, uttar pradesh, india",Adobe,Senior Product Manager,"Noida, Uttar Pradesh, India",https://in.linkedin.com/jobs/view/senior-product-manager-at-adobe-4418269916?position=2&pageNum=2&refId=ZefeVL0knF%2B4z3P7Bcv8Pw%3D%3D&trackingId=TJwMw4sMYTJqMKAfk7ucKw%3D%3D,2026-07-17
"vutto|senior product manager|dwarka, delhi, india",Vutto,Senior Product Manager,"Dwarka, Delhi, India",https://in.linkedin.com/jobs/view/senior-product-manager-at-vutto-4424428673?position=3&pageNum=2&refId=ZefeVL0knF%2B4z3P7Bcv8Pw%3D%3D&trackingId=0f04031Sa%2B1Mu6SAe2YLLw%3D%3D,2026-07-17
"hownow|senior product manager - hybrid|mumbai, maharashtra, india",HowNow,Senior Product Manager - Hybrid,"Mumbai, Maharashtra, India",https://in.linkedin.com/jobs/view/senior-product-manager-hybrid-at-hownow-4432524792?position=5&pageNum=2&refId=ZefeVL0knF%2B4z3P7Bcv8Pw%3D%3D&trackingId=4I%2BGIv5tYwNmAtF7pv042g%3D%3D,2026-07-17
"the souled store|senior product manager – business & tech|mumbai, maharashtra, india",The Souled Store,Senior Product Manager – Business & Tech,"Mumbai, Maharashtra, India",https://in.linkedin.com/jobs/view/senior-product-manager-%E2%80%93-business-tech-at-the-souled-store-4429664105?position=9&pageNum=2&refId=ZefeVL0knF%2B4z3P7Bcv8Pw%3D%3D&trackingId=fT2a79Pn2v7HDRGKBQhauw%3D%3D,2026-07-17
"mintifi|senior product manager|mumbai, maharashtra, india",Mintifi,Senior Product Manager,"Mumbai, Maharashtra, India",https://in.linkedin.com/jobs/view/senior-product-manager-at-mintifi-4432571574?position=10&pageNum=5&refId=hOl7p0DtoC42YWD9VDVQ4g%3D%3D&trackingId=EWrJw%2BLcfPeHCHZWybmrPw%3D%3D,2026-07-17
"optum|lead digital product manager|gurugram, haryana, india",Optum,Lead Digital Product Manager,"Gurugram, Haryana, India",https://in.linkedin.com/jobs/view/lead-digital-product-manager-at-optum-4431823976?position=10&pageNum=0&refId=3XgcGfFF8eUDHViuVllabA%3D%3D&trackingId=a%2BXv%2B%2BZU0ShAdflXgfyS2g%3D%3D,2026-07-17
"battery smart|lead product manager|gurugram, haryana, india",Battery Smart,Lead Product Manager,"Gurugram, Haryana, India",https://in.linkedin.com/jobs/view/lead-product-manager-at-battery-smart-4440211736?position=1&pageNum=2&refId=OAAnSBH%2B6dA0PqhzSJ6lwQ%3D%3D&trackingId=514P4LkuodS7bTOU8Ar11g%3D%3D,2026-07-17
icici lombard|icici lombard - lead product manager - mobile app|mumbai metropolitan region,ICICI Lombard,ICICI Lombard - Lead Product Manager - Mobile App,Mumbai Metropolitan Region,https://in.linkedin.com/jobs/view/icici-lombard-lead-product-manager-mobile-app-at-icici-lombard-4441692722?position=8&pageNum=2&refId=OAAnSBH%2B6dA0PqhzSJ6lwQ%3D%3D&trackingId=rhG42X2cm3HjRxyPXbWYlw%3D%3D,2026-07-17
"pepper|senior product manager (ai)|mumbai, maharashtra, india",Pepper,Senior Product Manager (AI),"Mumbai, Maharashtra, India",https://in.linkedin.com/jobs/view/senior-product-manager-ai-at-pepper-4433468804?position=4&pageNum=5&refId=yRqPswRVMB5YQqs4mO6Xyg%3D%3D&trackingId=EL5%2B9ZTP8kgkPebaZD8k1w%3D%3D,2026-07-17
solytics partners|product manager|mumbai metropolitan region,Solytics Partners,Product Manager,Mumbai Metropolitan Region,https://in.linkedin.com/jobs/view/product-manager-at-solytics-partners-4369182899?position=1&pageNum=7&refId=HNKujlBY026JvfJgxkXmCg%3D%3D&trackingId=Ut2NJSngBIICq2IpWfFxTw%3D%3D,2026-07-17
"pluxee|local lead product manager|mumbai, maharashtra, india",Pluxee,Local Lead Product Manager,"Mumbai, Maharashtra, India",https://in.linkedin.com/jobs/view/local-lead-product-manager-at-pluxee-4427376604?position=3&pageNum=7&refId=HNKujlBY026JvfJgxkXmCg%3D%3D&trackingId=tM1xaIenKQDeQoCXANtdOA%3D%3D,2026-07-17
"adobe|principal product manager|noida, uttar pradesh, india",Adobe,Principal Product Manager,"Noida, Uttar Pradesh, India",https://in.linkedin.com/jobs/view/principal-product-manager-at-adobe-4389578010?position=4&pageNum=7&refId=HNKujlBY026JvfJgxkXmCg%3D%3D&trackingId=jqjX6s1tQmvUTDYXneo7Bw%3D%3D,2026-07-17
nasdaq|lead product manager|mumbai metropolitan region,Nasdaq,Lead Product Manager,Mumbai Metropolitan Region,https://in.linkedin.com/jobs/view/lead-product-manager-at-nasdaq-4405640348?position=5&pageNum=7&refId=HNKujlBY026JvfJgxkXmCg%3D%3D&trackingId=t4aKDONgj9w2YN0qfX22DA%3D%3D,2026-07-17
"saarthee|product manager|mumbai, maharashtra, india",Saarthee,Product Manager,"Mumbai, Maharashtra, India",https://in.linkedin.com/jobs/view/product-manager-at-saarthee-4432665830?position=10&pageNum=7&refId=HNKujlBY026JvfJgxkXmCg%3D%3D&trackingId=tehkCMrjzDgd%2F%2BREFZnrWw%3D%3D,2026-07-17
"idfc first bank|product manager-cash management|mumbai, maharashtra, india",IDFC FIRST Bank,Product Manager-Cash Management,"Mumbai, Maharashtra, India",https://in.linkedin.com/jobs/view/product-manager-cash-management-at-idfc-first-bank-4411314631?position=2&pageNum=7&refId=1S2NN0aMjLmWV5RjJzbxQw%3D%3D&trackingId=OBwGauZekylIc5RYdj9%2FYQ%3D%3D,2026-07-17
sun pharma|group product manager - cns (synastra)|mumbai metropolitan region,SUN PHARMA,Group Product Manager - CNS (Synastra),Mumbai Metropolitan Region,https://in.linkedin.com/jobs/view/group-product-manager-cns-synastra-at-sun-pharma-4426854563?position=8&pageNum=7&refId=1S2NN0aMjLmWV5RjJzbxQw%3D%3D&trackingId=9hSkd5BRhBDlDlWaWBaGWw%3D%3D,2026-07-17
"attentive.ai|associate product manager|noida, uttar pradesh, india",Attentive.ai,Associate Product Manager,"Noida, Uttar Pradesh, India",https://in.linkedin.com/jobs/view/associate-product-manager-at-attentive-ai-4439863243?position=2&pageNum=2&refId=Xea1twYSUBWs9GVAAiipYQ%3D%3D&trackingId=6WG%2FXuLywjDC7sMhaytFRA%3D%3D,2026-07-17
"airtel payments bank|product manager ( analytics background )|gurugram, haryana, india",Airtel Payments Bank,Product Manager ( Analytics Background ),"Gurugram, Haryana, India",https://in.linkedin.com/jobs/view/product-manager-analytics-background-at-airtel-payments-bank-4438620227?position=3&pageNum=2&refId=Xea1twYSUBWs9GVAAiipYQ%3D%3D&trackingId=CjdDaY9IKHtxyvdelm%2Fcvw%3D%3D,2026-07-17
"indmoney|associate product manager – growth|gurugram, haryana, india",INDmoney,Associate Product Manager – Growth,"Gurugram, Haryana, India",https://in.linkedin.com/jobs/view/associate-product-manager-%E2%80%93-growth-at-indmoney-4436703686?position=5&pageNum=2&refId=Xea1twYSUBWs9GVAAiipYQ%3D%3D&trackingId=NezdiJIzAF7jKgX%2B5Lj8Ag%3D%3D,2026-07-17
purplle.com|associate product manager - retail operations|mumbai metropolitan region,Purplle.com,Associate Product Manager - Retail Operations,Mumbai Metropolitan Region,https://in.linkedin.com/jobs/view/associate-product-manager-retail-operations-at-purplle-com-4405642418?position=8&pageNum=2&refId=Xea1twYSUBWs9GVAAiipYQ%3D%3D&trackingId=EoTWuLtABFC3K3o2zcY7Ag%3D%3D,2026-07-17
recro|product manager|mumbai metropolitan region,Recro,Product Manager,Mumbai Metropolitan Region,https://in.linkedin.com/jobs/view/product-manager-at-recro-4440773177?position=2&pageNum=7&refId=yBsBy%2FnyOYA1J1U%2BUJnRdw%3D%3D&trackingId=ESn02DSNNptA22VX1vNv0Q%3D%3D,2026-07-17
"revolut|product marketing manager (credit)|gurgaon, haryana, india",Revolut,Product Marketing Manager (Credit),"Gurgaon, Haryana, India",https://in.linkedin.com/jobs/view/product-marketing-manager-credit-at-revolut-4439868029?position=7&pageNum=7&refId=yBsBy%2FnyOYA1J1U%2BUJnRdw%3D%3D&trackingId=BhSOpYMU6%2BaIMpzbReSDsg%3D%3D,2026-07-17
"bennett coleman & co. ltd. (the times of india)|brand manager|new delhi, delhi, india",Bennett Coleman & Co. Ltd. (The Times of India),Brand Manager,"New Delhi, Delhi, India",https://in.linkedin.com/jobs/view/brand-manager-at-bennett-coleman-co-ltd-the-times-of-india-4436536483?position=7&pageNum=2&refId=ihXV3TaIUun4O%2BstY%2Bgi8A%3D%3D&trackingId=RXhthbF0Q8Z9OnyKO4HOrQ%3D%3D,2026-07-17
"carrier|product marketing manager – totaline & aftermarket|gurgaon, haryana, india",Carrier,Product Marketing Manager – Totaline & Aftermarket,"Gurgaon, Haryana, India",https://in.linkedin.com/jobs/view/product-marketing-manager-%E2%80%93-totaline-aftermarket-at-carrier-4440768577?position=10&pageNum=7&refId=0GO1%2FO334WzfT6cYpjFKIA%3D%3D&trackingId=nQldGgGbdTIoOK1jCcEsMw%3D%3D,2026-07-17
"albatrot|brand manager|mumbai, maharashtra, india",Albatrot,Brand Manager,"Mumbai, Maharashtra, India",https://in.linkedin.com/jobs/view/brand-manager-at-albatrot-4433930025?position=4&pageNum=2&refId=tz1INLsqIbgtZLLqz0Gs%2BA%3D%3D&trackingId=FCpHLOv2WNvJUtPCehBfYQ%3D%3D,2026-07-17
the house of abhinandan lodha|brand manager|mumbai metropolitan region,The House of Abhinandan Lodha,Brand Manager,Mumbai Metropolitan Region,https://in.linkedin.com/jobs/view/brand-manager-at-the-house-of-abhinandan-lodha-4432959917?position=6&pageNum=2&refId=tz1INLsqIbgtZLLqz0Gs%2BA%3D%3D&trackingId=ym4dDVkZFTldbcyVeCX1zA%3D%3D,2026-07-17
abbott|brand manager - pediatric nutrition strategy & execution|mumbai metropolitan region,Abbott,Brand Manager - Pediatric Nutrition Strategy & Execution,Mumbai Metropolitan Region,https://in.linkedin.com/jobs/view/brand-manager-pediatric-nutrition-strategy-execution-at-abbott-4440958374?position=8&pageNum=2&refId=tz1INLsqIbgtZLLqz0Gs%2BA%3D%3D&trackingId=p%2B5cLMHzgv6iuYsiAYqzPA%3D%3D,2026-07-17
"unison international consulting (the recruitment company)|brand manager/merchandiser|mumbai, maharashtra, india",UNISON INTERNATIONAL CONSULTING (The Recruitment Company),Brand Manager/Merchandiser,"Mumbai, Maharashtra, India",https://in.linkedin.com/jobs/view/brand-manager-merchandiser-at-unison-international-consulting-the-recruitment-company-4439406315?position=9&pageNum=2&refId=tz1INLsqIbgtZLLqz0Gs%2BA%3D%3D&trackingId=FMVlBLw6%2Bv4VYNy4px%2BKZw%3D%3D,2026-07-17
"pernod ricard india|senior brand manager|gurugram, haryana, india",Pernod Ricard India,Senior Brand Manager,"Gurugram, Haryana, India",https://in.linkedin.com/jobs/view/senior-brand-manager-at-pernod-ricard-india-4437348712?position=1&pageNum=0&refId=FWUpNMjzLoQLbb2VZ96iJQ%3D%3D&trackingId=F7c7Qx%2FiPEbKfMp4WMiV1w%3D%3D,2026-07-17
rebel foods|senior brand manager|mumbai metropolitan region,Rebel Foods,Senior Brand Manager,Mumbai Metropolitan Region,https://in.linkedin.com/jobs/view/senior-brand-manager-at-rebel-foods-4437171377?position=2&pageNum=0&refId=FWUpNMjzLoQLbb2VZ96iJQ%3D%3D&trackingId=a5cw1A%2BwdMLJkNX9JXrSeQ%3D%3D,2026-07-17
"google|product marketing manager, brand and reputation|gurugram, haryana, india",Google,"Product Marketing Manager, Brand and Reputation","Gurugram, Haryana, India",https://in.linkedin.com/jobs/view/product-marketing-manager-brand-and-reputation-at-google-4424586619?position=4&pageNum=0&refId=FWUpNMjzLoQLbb2VZ96iJQ%3D%3D&trackingId=Sdor6Y1FOlv%2BBXDEc%2BP9tg%3D%3D,2026-07-17
"google|product marketing manager, brand and reputation|mumbai, maharashtra, india",Google,"Product Marketing Manager, Brand and Reputation","Mumbai, Maharashtra, India",https://in.linkedin.com/jobs/view/product-marketing-manager-brand-and-reputation-at-google-4424589654?position=5&pageNum=0&refId=FWUpNMjzLoQLbb2VZ96iJQ%3D%3D&trackingId=%2Bt5dnjGMMJ0Yxl54ni0UuQ%3D%3D,2026-07-17
"mars cosmetics|brand manager|delhi, india",MARS Cosmetics,Brand Manager,"Delhi, India",https://in.linkedin.com/jobs/view/brand-manager-at-mars-cosmetics-4440019987?position=6&pageNum=0&refId=FWUpNMjzLoQLbb2VZ96iJQ%3D%3D&trackingId=ze32HFjv%2BKMicN3ul8EhWQ%3D%3D,2026-07-17
the magnum ice cream company|brand manager - ice cream|mumbai metropolitan region,The Magnum Ice Cream Company,Brand Manager - Ice Cream,Mumbai Metropolitan Region,https://in.linkedin.com/jobs/view/brand-manager-ice-cream-at-the-magnum-ice-cream-company-4439166019?position=7&pageNum=0&refId=FWUpNMjzLoQLbb2VZ96iJQ%3D%3D&trackingId=mEojj9ji7C65%2BIZ%2FvyEfVw%3D%3D,2026-07-17
"traya|brand manager|mumbai, maharashtra, india",Traya,Brand Manager,"Mumbai, Maharashtra, India",https://in.linkedin.com/jobs/view/brand-manager-at-traya-4437272474?position=10&pageNum=0&refId=FWUpNMjzLoQLbb2VZ96iJQ%3D%3D&trackingId=5RmQWQkXQBEZDMPVj555wA%3D%3D,2026-07-17
dr. reddy's laboratories|group brand manager - caris|mumbai metropolitan region,Dr. Reddy's Laboratories,Group Brand Manager - CARIS,Mumbai Metropolitan Region,https://in.linkedin.com/jobs/view/group-brand-manager-caris-at-dr-reddy-s-laboratories-4440386991?position=9&pageNum=5&refId=82Hi9D3ncyNMbH6VgakQ8A%3D%3D&trackingId=DHOHs4wZ%2BCOIH9SS1ERwrw%3D%3D,2026-07-17
sun pharma|product manager - branded products (emerging markets)|mumbai metropolitan region,SUN PHARMA,Product Manager - Branded Products (Emerging Markets),Mumbai Metropolitan Region,https://in.linkedin.com/jobs/view/product-manager-branded-products-emerging-markets-at-sun-pharma-4341878440?position=7&pageNum=7&refId=WExXLaV8o8sCoihckhidng%3D%3D&trackingId=enLrpu87a30jP5d501uU3A%3D%3D,2026-07-17
"havells india ltd|strategy manager/senior manager:cables|noida, uttar pradesh, india",Havells India Ltd,Strategy Manager/Senior Manager:Cables,"Noida, Uttar Pradesh, India",https://in.linkedin.com/jobs/view/strategy-manager-senior-manager-cables-at-havells-india-ltd-4419229359?position=5&pageNum=0&refId=u%2FDQ6QjsPKiym8Klb77UuQ%3D%3D&trackingId=pO9J0xhwtVT%2FsBhjMEC0qA%3D%3D,2026-07-17
"traya|business strategy manager|mumbai, maharashtra, india",Traya,Business Strategy Manager,"Mumbai, Maharashtra, India",https://in.linkedin.com/jobs/view/business-strategy-manager-at-traya-4430690543?position=7&pageNum=0&refId=u%2FDQ6QjsPKiym8Klb77UuQ%3D%3D&trackingId=RJ1lhP2BfSI%2F5u%2FS%2FV1e9A%3D%3D,2026-07-17
route mobile limited|strategy manager|mumbai metropolitan region,Route Mobile Limited,Strategy Manager,Mumbai Metropolitan Region,https://in.linkedin.com/jobs/view/strategy-manager-at-route-mobile-limited-4440783120?position=10&pageNum=0&refId=u%2FDQ6QjsPKiym8Klb77UuQ%3D%3D&trackingId=kl6VTZzGGy0ZJUIH3lXBSQ%3D%3D,2026-07-17
"aramco|sr. strategy & market consultant ( relocation required to saudi arabia )|gurugram, haryana, india",aramco,Sr. Strategy & Market Consultant ( Relocation required to Saudi Arabia ),"Gurugram, Haryana, India",https://in.linkedin.com/jobs/view/sr-strategy-market-consultant-relocation-required-to-saudi-arabia-at-aramco-4432946180?position=2&pageNum=2&refId=ovzyS%2FLjqjNtAyeXZKxURQ%3D%3D&trackingId=cd6NJKNCSPF0zZXeWZ15ig%3D%3D,2026-07-17
"glenmark pharmaceuticals|senior strategy manager|mumbai, maharashtra, india",Glenmark Pharmaceuticals,Senior Strategy Manager,"Mumbai, Maharashtra, India",https://in.linkedin.com/jobs/view/senior-strategy-manager-at-glenmark-pharmaceuticals-4437256199?position=5&pageNum=2&refId=ovzyS%2FLjqjNtAyeXZKxURQ%3D%3D&trackingId=FPGH8dyUYNhAokWRqynpPw%3D%3D,2026-07-17
"leadership talent hunters|strategy manager|mumbai, maharashtra, india",Leadership Talent Hunters,Strategy Manager,"Mumbai, Maharashtra, India",https://in.linkedin.com/jobs/view/strategy-manager-at-leadership-talent-hunters-4439784859?position=4&pageNum=5&refId=vJgyvE%2Fxcx0ldf1p5xixeA%3D%3D&trackingId=0wRgFKrxe1aHcpMWuy6SAg%3D%3D,2026-07-17
"walplast products pvt. ltd.|strategy manager - navi mumbai|navi mumbai, maharashtra, india",Walplast Products Pvt. Ltd.,Strategy Manager - Navi Mumbai,"Navi Mumbai, Maharashtra, India",https://in.linkedin.com/jobs/view/strategy-manager-navi-mumbai-at-walplast-products-pvt-ltd-4432764408?position=7&pageNum=2&refId=gN0qGIxeJ5BfMJ3d8ZCzFQ%3D%3D&trackingId=lSgJfGSfiySV3XxgitvUYw%3D%3D,2026-07-17
"interactive avenues|senior strategy manager|mumbai, maharashtra, india",Interactive Avenues,Senior Strategy Manager,"Mumbai, Maharashtra, India",https://in.linkedin.com/jobs/view/senior-strategy-manager-at-interactive-avenues-4430958699?position=7&pageNum=7&refId=9ChyqJ2ZXQYQwSfFHyvp6w%3D%3D&trackingId=Q6inZxL0yxnnDti5k96Qzg%3D%3D,2026-07-17
"tata consultancy services|banner consultant|new delhi, delhi, india",Tata Consultancy Services,Banner Consultant,"New Delhi, Delhi, India",https://in.linkedin.com/jobs/view/banner-consultant-at-tata-consultancy-services-4440207353?position=2&pageNum=5&refId=%2BvxFbikkgwl5p%2Bgfaubf5A%3D%3D&trackingId=pnhDzPDM3vhMAli7RF1DIQ%3D%3D,2026-07-17
"axtria - ingenious insights|consultant|gurugram, haryana, india",Axtria - Ingenious Insights,Consultant,"Gurugram, Haryana, India",https://in.linkedin.com/jobs/view/consultant-at-axtria-ingenious-insights-4428208580?position=3&pageNum=5&refId=%2BvxFbikkgwl5p%2Bgfaubf5A%3D%3D&trackingId=KZQoeQ5Eh%2Bvi%2F74Z6BXzrg%3D%3D,2026-07-17
black & veatch|consultant (infrastructure advisory)|mumbai metropolitan region,Black & Veatch,Consultant (Infrastructure Advisory),Mumbai Metropolitan Region,https://in.linkedin.com/jobs/view/consultant-infrastructure-advisory-at-black-veatch-4441436931?position=8&pageNum=5&refId=%2BvxFbikkgwl5p%2Bgfaubf5A%3D%3D&trackingId=ptCbw%2BOLCZoN2GFoHMsg2Q%3D%3D,2026-07-17
"deccan ai experts|management consultant (freelancer)|noida, uttar pradesh, india",Deccan AI Experts,Management Consultant (Freelancer),"Noida, Uttar Pradesh, India",https://in.linkedin.com/jobs/view/management-consultant-freelancer-at-deccan-ai-experts-4436478593?position=8&pageNum=7&refId=tRQ4QMpM810aY9gFKtpDfw%3D%3D&trackingId=7jB1BSgN3eU96v%2Bjhc9dUA%3D%3D,2026-07-17
"iqvia|associate consultant - patient analytics|delhi, india",IQVIA,Associate Consultant - Patient Analytics,"Delhi, India",https://in.linkedin.com/jobs/view/associate-consultant-patient-analytics-at-iqvia-4438998513?position=9&pageNum=7&refId=tRQ4QMpM810aY9gFKtpDfw%3D%3D&trackingId=%2BBL0YMGM%2FLy312vprbt%2Fug%3D%3D,2026-07-17
"ukg|sr user adoption consultant|noida, uttar pradesh, india",UKG,Sr User Adoption Consultant,"Noida, Uttar Pradesh, India",https://in.linkedin.com/jobs/view/sr-user-adoption-consultant-at-ukg-4440221752?position=3&pageNum=2&refId=KJOQV2L1EECxmYu%2BUcUJvA%3D%3D&trackingId=WZcyX9njUgSUmJ55G2eKFA%3D%3D,2026-07-17
"accenture in india|s&c - gn - sc&e - bpm - consultant|gurugram, haryana, india",Accenture in India,S&C - GN - SC&E - BPM - Consultant,"Gurugram, Haryana, India",https://in.linkedin.com/jobs/view/s-c-gn-sc-e-bpm-consultant-at-accenture-in-india-4422740017?position=4&pageNum=2&refId=KJOQV2L1EECxmYu%2BUcUJvA%3D%3D&trackingId=iCItulpiy7jg%2FvBoRpdijA%3D%3D,2026-07-17
"arcadis|consultant/senior consultant – investment advisory (part of business advisory)|navi mumbai, maharashtra, india",Arcadis,Consultant/Senior Consultant – Investment Advisory (Part of Business Advisory),"Navi Mumbai, Maharashtra, India",https://in.linkedin.com/jobs/view/consultant-senior-consultant-%E2%80%93-investment-advisory-part-of-business-advisory-at-arcadis-4351224960?position=8&pageNum=2&refId=KJOQV2L1EECxmYu%2BUcUJvA%3D%3D&trackingId=yQh8w7pgPn92%2F5U%2BQYs6dw%3D%3D,2026-07-17
"kpmg india|consultant – value creation|gurgaon, haryana, india",KPMG India,Consultant – Value Creation,"Gurgaon, Haryana, India",https://in.linkedin.com/jobs/view/consultant-%E2%80%93-value-creation-at-kpmg-india-4405319054?position=1&pageNum=5&refId=a6umH07J0pf1FIoSXSXuAQ%3D%3D&trackingId=Xz7YwcAAzQi0CSLXk0RBGQ%3D%3D,2026-07-17
"deutsche bank|management consulting consultant , avp|mumbai, maharashtra, india",Deutsche Bank,"Management Consulting Consultant , AVP","Mumbai, Maharashtra, India",https://in.linkedin.com/jobs/view/management-consulting-consultant-avp-at-deutsche-bank-4427064314?position=1&pageNum=0&refId=KPKn3V6EGmdXKCQKRfBZbA%3D%3D&trackingId=Iy%2FXTGsSSGx%2FqxkAMaiQLA%3D%3D,2026-07-17
"transganization|management consultant|mumbai, maharashtra, india",TransGanization,Management Consultant,"Mumbai, Maharashtra, India",https://in.linkedin.com/jobs/view/management-consultant-at-transganization-4429010521?position=10&pageNum=0&refId=KPKn3V6EGmdXKCQKRfBZbA%3D%3D&trackingId=eMWb1UI9J2AB05wXJ7%2Ba2g%3D%3D,2026-07-17
"exl|consultant-consulting-business consulting|noida, uttar pradesh, india",EXL,Consultant-Consulting-Business Consulting,"Noida, Uttar Pradesh, India",https://in.linkedin.com/jobs/view/consultant-consulting-business-consulting-at-exl-4338986235?position=6&pageNum=5&refId=Kh9HSymPOn5tKkst7SAaAg%3D%3D&trackingId=Y%2FDdFQTLfm6SA3spjf1WdA%3D%3D,2026-07-17
"accenture in india|#acn s&c - gn - strategy - corporate strategy & growth - consultant|gurugram, haryana, india",Accenture in India,#ACN S&C - GN - Strategy - Corporate Strategy & Growth - Consultant,"Gurugram, Haryana, India",https://in.linkedin.com/jobs/view/%23acn-s-c-gn-strategy-corporate-strategy-growth-consultant-at-accenture-in-india-4356643964?position=1&pageNum=7&refId=HWQRfLtZk8SQB1gORcef9A%3D%3D&trackingId=U29dOvEpexp8ZI8TaBv2aQ%3D%3D,2026-07-17
"putnam|global consultant, lifesciences|gurugram, haryana, india",Putnam,"Global Consultant, Lifesciences","Gurugram, Haryana, India",https://in.linkedin.com/jobs/view/global-consultant-lifesciences-at-putnam-4435849018?position=1&pageNum=2&refId=03WrnG6TdhOwabFex302mw%3D%3D&trackingId=RF6bO0qLTBpVK%2B8m9F2hSA%3D%3D,2026-07-17
"inizio ignite|global consultant, lifesciences|gurugram, haryana, india",Inizio Ignite,"Global Consultant, Lifesciences","Gurugram, Haryana, India",https://in.linkedin.com/jobs/view/global-consultant-lifesciences-at-inizio-ignite-4379773196?position=8&pageNum=2&refId=03WrnG6TdhOwabFex302mw%3D%3D&trackingId=MCoBbY%2FLKAcrYJbSMLTgCA%3D%3D,2026-07-17
"icanheal|consultant / sr. consultant - client & patient solutions|mumbai, maharashtra, india",iCanHeal,Consultant / Sr. Consultant - Client & Patient Solutions,"Mumbai, Maharashtra, India",https://in.linkedin.com/jobs/view/consultant-sr-consultant-client-patient-solutions-at-icanheal-4438787458?position=3&pageNum=5&refId=6m1ncRY2t60fFaZkhlnm3A%3D%3D&trackingId=hXql7iWoZBu9sQ4T563yzw%3D%3D,2026-07-17
"crunchyroll|cx program manager, apac|mumbai, maharashtra, india",Crunchyroll,"CX Program Manager, APAC","Mumbai, Maharashtra, India",https://in.linkedin.com/jobs/view/cx-program-manager-apac-at-crunchyroll-4439840769?position=7&pageNum=0&refId=venLauFXUSZwi2MbahyVKQ%3D%3D&trackingId=lSttHVwILLTsCozOK852Fg%3D%3D,2026-07-17
"capgemini invent|data strategy program manager|mumbai, maharashtra, india",Capgemini Invent,Data strategy program manager,"Mumbai, Maharashtra, India",https://in.linkedin.com/jobs/view/data-strategy-program-manager-at-capgemini-invent-4431956680?position=6&pageNum=2&refId=8lim%2BZ2jiTugmPYr2XpDKw%3D%3D&trackingId=bKQWn5yABan9OUkt8NbrKw%3D%3D,2026-07-17
"indusind bank|technology program manager|mumbai, maharashtra, india",IndusInd Bank,Technology Program Manager,"Mumbai, Maharashtra, India",https://in.linkedin.com/jobs/view/technology-program-manager-at-indusind-bank-4433919716?position=8&pageNum=2&refId=8lim%2BZ2jiTugmPYr2XpDKw%3D%3D&trackingId=GJvF0bFPF8raoal7%2FTm5SA%3D%3D,2026-07-17
"reliance industries limited|program manager – new product development|navi mumbai, maharashtra, india",Reliance Industries Limited,Program Manager – New Product Development,"Navi Mumbai, Maharashtra, India",https://in.linkedin.com/jobs/view/program-manager-%E2%80%93-new-product-development-at-reliance-industries-limited-4418981179?position=9&pageNum=2&refId=8lim%2BZ2jiTugmPYr2XpDKw%3D%3D&trackingId=vusLkVV03hfPZ9Ta%2FFWkIw%3D%3D,2026-07-17
"glanbia|program manager, asia & china|gurgaon, haryana, india",Glanbia,"Program Manager, Asia & China","Gurgaon, Haryana, India",https://in.linkedin.com/jobs/view/program-manager-asia-china-at-glanbia-4440393850?position=1&pageNum=7&refId=7gCP8L1wEJsnufanFfmA8Q%3D%3D&trackingId=Ddi3kwLW0GzWJn4dBKb%2BoQ%3D%3D,2026-07-17
"google operations center|program manager lead - marketing|gurgaon, haryana, india",Google Operations Center,Program Manager Lead - Marketing,"Gurgaon, Haryana, India",https://in.linkedin.com/jobs/view/program-manager-lead-marketing-at-google-operations-center-4371796723?position=5&pageNum=7&refId=7gCP8L1wEJsnufanFfmA8Q%3D%3D&trackingId=9aEcdmtKty9NDJMzfb%2FpBw%3D%3D,2026-07-17
procter & gamble|senior brand manager|mumbai metropolitan region,Procter & Gamble,Senior Brand Manager,Mumbai Metropolitan Region,https://in.linkedin.com/jobs/view/senior-brand-manager-at-procter-gamble-4434498389?position=1&pageNum=5&refId=Pg8hs8wXgS%2BlGr%2BkA7RiSA%3D%3D&trackingId=89DZNqlQm7fydsGQY2GZMg%3D%3D,2026-07-17
procter & gamble|brand manager|mumbai metropolitan region,Procter & Gamble,Brand Manager,Mumbai Metropolitan Region,https://in.linkedin.com/jobs/view/brand-manager-at-procter-gamble-4403723068?position=7&pageNum=5&refId=Pg8hs8wXgS%2BlGr%2BkA7RiSA%3D%3D&trackingId=RYWpzvBKzV7E63PiM9hW6w%3D%3D,2026-07-17
"accenture services pvt ltd|imu-song strategy consultant|delhi, delhi, india",Accenture services Pvt Ltd,IMU-SONG Strategy Consultant,"Delhi, Delhi, India",https://in.linkedin.com/jobs/view/imu-song-strategy-consultant-at-accenture-services-pvt-ltd-4426214979?position=3&pageNum=5&refId=AzER7yFTluLVQIuZyhXvrg%3D%3D&trackingId=IHVyhFZk9l5QAVyuY76blw%3D%3D,2026-07-17
"web jeevan|productivity consultant|delhi, india",Web Jeevan,Productivity Consultant,"Delhi, India",https://in.linkedin.com/jobs/view/productivity-consultant-at-web-jeevan-4434314722?position=10&pageNum=5&refId=uBjI7t52jlQCHQNC5X9a2g%3D%3D&trackingId=0lNUpq6GPLfjYpwd8TsU%2FA%3D%3D,2026-07-17
"attentive.ai|product manager|noida, uttar pradesh, india",Attentive.ai,Product Manager,"Noida, Uttar Pradesh, India",https://in.linkedin.com/jobs/view/product-manager-at-attentive-ai-4379481496?position=2&pageNum=7&refId=1ZW7q%2FyBuJgEwecwyBbGEA%3D%3D&trackingId=5rx2P50UczseyoBjuWH85g%3D%3D,2026-07-17
"pratham international|product manager, digital|mumbai metropolitan region",Pratham International,"Product Manager, Digital",Mumbai Metropolitan Region,https://in.linkedin.com/jobs/view/product-manager-digital-at-pratham-international-4416246507?position=7&pageNum=7&refId=1ZW7q%2FyBuJgEwecwyBbGEA%3D%3D&trackingId=1fmcOD0LcmRkjpe95qapZw%3D%3D,2026-07-17
"aurora energy research|associate product manager|gurugram, haryana, india",Aurora Energy Research,Associate Product Manager,"Gurugram, Haryana, India",https://in.linkedin.com/jobs/view/associate-product-manager-at-aurora-energy-research-4400761802?position=5&pageNum=2&refId=eBT4j6Aldacp6Mgabu%2Fd%2FA%3D%3D&trackingId=hpXQGqo3inTcnmSGiYz9AQ%3D%3D,2026-07-17
"soti|product manager|gurgaon, haryana, india",SOTI,Product Manager,"Gurgaon, Haryana, India",https://in.linkedin.com/jobs/view/product-manager-at-soti-4414915600?position=7&pageNum=2&refId=eBT4j6Aldacp6Mgabu%2Fd%2FA%3D%3D&trackingId=3jcVENW3UadRZqvAlky8%2FQ%3D%3D,2026-07-17
grexa ai|product manager|mumbai metropolitan region,Grexa AI,Product Manager,Mumbai Metropolitan Region,https://in.linkedin.com/jobs/view/product-manager-at-grexa-ai-4406861245?position=8&pageNum=2&refId=eBT4j6Aldacp6Mgabu%2Fd%2FA%3D%3D&trackingId=zktowUdYoXSeD40HKqIq5Q%3D%3D,2026-07-17
"makemytrip|associate product manager (quest2travel)|gurgaon, haryana, india",MakeMyTrip,Associate Product Manager (Quest2Travel),"Gurgaon, Haryana, India",https://in.linkedin.com/jobs/view/associate-product-manager-quest2travel-at-makemytrip-4424702259?position=2&pageNum=5&refId=mEGQG8kNEebomlRd3jehdw%3D%3D&trackingId=AWa8amiCSfP6mtTto3tyMw%3D%3D,2026-07-17
yes bank|product manager|mumbai metropolitan region,YES BANK,Product Manager,Mumbai Metropolitan Region,https://in.linkedin.com/jobs/view/product-manager-at-yes-bank-4379565496?position=3&pageNum=5&refId=mEGQG8kNEebomlRd3jehdw%3D%3D&trackingId=DZpE7KMI%2FfyjPjL1VIAEGw%3D%3D,2026-07-17
"scoutit|associate product manager|new delhi, delhi, india",Scoutit,Associate Product Manager,"New Delhi, Delhi, India",https://in.linkedin.com/jobs/view/associate-product-manager-at-scoutit-4440679715?position=4&pageNum=5&refId=mEGQG8kNEebomlRd3jehdw%3D%3D&trackingId=xd0B6gInBawC%2FO7hGDiezA%3D%3D,2026-07-17
"ongrid|associate product manager|gurugram, haryana, india",OnGrid,Associate Product Manager,"Gurugram, Haryana, India",https://in.linkedin.com/jobs/view/associate-product-manager-at-ongrid-4426310243?position=10&pageNum=5&refId=mEGQG8kNEebomlRd3jehdw%3D%3D&trackingId=lKbrPMbUU9cgcNwZKdvSNQ%3D%3D,2026-07-17
"bdo india|product manager-ai|mumbai, maharashtra, india",BDO India,Product Manager-AI,"Mumbai, Maharashtra, India",https://in.linkedin.com/jobs/view/product-manager-ai-at-bdo-india-4436193443?position=2&pageNum=7&refId=0hRXfKi6uhpDTgBdFEJeFA%3D%3D&trackingId=7c78p%2FLezIDNJVxirQPkBQ%3D%3D,2026-07-17
"nykaa|group product manager - fulfillment|gurugram, haryana, india",Nykaa,Group Product Manager - Fulfillment,"Gurugram, Haryana, India",https://in.linkedin.com/jobs/view/group-product-manager-fulfillment-at-nykaa-4437358101?position=1&pageNum=0&refId=i7pwp75WTJlrpiC350fSTw%3D%3D&trackingId=PDAn6y1GaUXnfqWcb3bEvQ%3D%3D,2026-07-17
"airtel digital|senior product manager|gurugram, haryana, india",Airtel Digital,Senior Product Manager,"Gurugram, Haryana, India",https://in.linkedin.com/jobs/view/senior-product-manager-at-airtel-digital-4428216970?position=5&pageNum=0&refId=i7pwp75WTJlrpiC350fSTw%3D%3D&trackingId=WsLY%2Fn2wQ5ErLIOIQ1v79w%3D%3D,2026-07-17
"aristo pharmaceuticals pvt. ltd.|senior product manager|mumbai, maharashtra, india",Aristo Pharmaceuticals Pvt. Ltd.,Senior Product Manager,"Mumbai, Maharashtra, India",https://in.linkedin.com/jobs/view/senior-product-manager-at-aristo-pharmaceuticals-pvt-ltd-4436303818?position=6&pageNum=7&refId=bsmWfT8QJgRFLEU%2FVwkPhg%3D%3D&trackingId=A8BERvxBgjGzER0AI4HEVw%3D%3D,2026-07-17
sun pharma|group product manager - nutri|mumbai metropolitan region,SUN PHARMA,Group Product Manager - Nutri,Mumbai Metropolitan Region,https://in.linkedin.com/jobs/view/group-product-manager-nutri-at-sun-pharma-4419225944?position=7&pageNum=7&refId=bsmWfT8QJgRFLEU%2FVwkPhg%3D%3D&trackingId=%2BF5kJPkiZVYCqo41726ueg%3D%3D,2026-07-17
playlist|principal product manager|mumbai metropolitan region,Playlist,Principal Product Manager,Mumbai Metropolitan Region,https://in.linkedin.com/jobs/view/principal-product-manager-at-playlist-4413633520?position=6&pageNum=5&refId=z5vtHI7AmzNdCzVRrkbNxA%3D%3D&trackingId=eSqkGIv6YNYgPGCqqUbYwQ%3D%3D,2026-07-17
"zydus group|group product manager|mumbai, maharashtra, india",Zydus Group,Group Product Manager,"Mumbai, Maharashtra, India",https://in.linkedin.com/jobs/view/group-product-manager-at-zydus-group-4440548661?position=5&pageNum=0&refId=yotNzHn%2BBYLUP4rWd7VPQg%3D%3D&trackingId=si2QuI1ZFaoby6nK5iDMWA%3D%3D,2026-07-17
sun pharma|group product manager - cvd|mumbai metropolitan region,SUN PHARMA,Group Product Manager - CVD,Mumbai Metropolitan Region,https://in.linkedin.com/jobs/view/group-product-manager-cvd-at-sun-pharma-4401946118?position=10&pageNum=5&refId=JBScBQg9ug2USvNWyp41FQ%3D%3D&trackingId=tJ1qbo4n3qwXSMMayjDlLA%3D%3D,2026-07-17
"emeritus|product manager growth|mumbai, maharashtra, india",Emeritus,Product Manager Growth,"Mumbai, Maharashtra, India",https://in.linkedin.com/jobs/view/product-manager-growth-at-emeritus-4430503450?position=3&pageNum=0&refId=v5QbwFrH3CWMgJj62C5acg%3D%3D&trackingId=AjoxVLSbxeaPQ2cuePlUdw%3D%3D,2026-07-17
"atlys|senior product manager - growth|delhi, india",Atlys,Senior Product Manager - Growth,"Delhi, India",https://in.linkedin.com/jobs/view/senior-product-manager-growth-at-atlys-4434668418?position=7&pageNum=0&refId=v5QbwFrH3CWMgJj62C5acg%3D%3D&trackingId=YD1WkdTUEZFkYwiasZlFJg%3D%3D,2026-07-17
"swiss beauty|product manager|gurugram, haryana, india",Swiss Beauty,Product Manager,"Gurugram, Haryana, India",https://in.linkedin.com/jobs/view/product-manager-at-swiss-beauty-4415009876?position=1&pageNum=2&refId=RYvwMzVjC%2BngXKQkIDzv4A%3D%3D&trackingId=OwQwQPvwRmCK6RaifLPWNw%3D%3D,2026-07-17
nua|product manager|mumbai metropolitan region,Nua,Product Manager,Mumbai Metropolitan Region,https://in.linkedin.com/jobs/view/product-manager-at-nua-4438459761?position=2&pageNum=2&refId=RYvwMzVjC%2BngXKQkIDzv4A%3D%3D&trackingId=c4vhQKqieXV2ydSkyTm%2BSA%3D%3D,2026-07-17
"idfc first bank|product manager-nri|mumbai, maharashtra, india",IDFC FIRST Bank,Product Manager-NRI,"Mumbai, Maharashtra, India",https://in.linkedin.com/jobs/view/product-manager-nri-at-idfc-first-bank-4415769208?position=4&pageNum=2&refId=RYvwMzVjC%2BngXKQkIDzv4A%3D%3D&trackingId=WMqaH27mFurjv0MzLacvLg%3D%3D,2026-07-17
"studyin|senior product manager, websites|delhi, delhi, india",StudyIn,"Senior Product Manager, Websites","Delhi, Delhi, India",https://in.linkedin.com/jobs/view/senior-product-manager-websites-at-studyin-4429241905?position=10&pageNum=2&refId=RYvwMzVjC%2BngXKQkIDzv4A%3D%3D&trackingId=92T2gpoKkOA0etN2hDgJQg%3D%3D,2026-07-17
"plush|brand manager|mumbai, maharashtra, india",Plush,Brand Manager,"Mumbai, Maharashtra, India",https://in.linkedin.com/jobs/view/brand-manager-at-plush-4434478508?position=8&pageNum=0&refId=fpXC46CuehutqoKlFMSGTg%3D%3D&trackingId=WfcOnKeilx1MnmYrTp8ETA%3D%3D,2026-07-17
feedspot|product marketing manager|mumbai metropolitan region,Feedspot,Product Marketing Manager,Mumbai Metropolitan Region,https://in.linkedin.com/jobs/view/product-marketing-manager-at-feedspot-4437209853?position=3&pageNum=2&refId=gvCgOwmQaWEGmUxJkhQTsQ%3D%3D&trackingId=yHIVhQJypytB8Ug2dI%2Fevg%3D%3D,2026-07-17
"infeedo ai|product marketing manager|gurugram, haryana, india",inFeedo AI,Product Marketing Manager,"Gurugram, Haryana, India",https://in.linkedin.com/jobs/view/product-marketing-manager-at-infeedo-ai-4433636891?position=6&pageNum=2&refId=gvCgOwmQaWEGmUxJkhQTsQ%3D%3D&trackingId=0ct1SNI7oPfroJRJnAdJ%2FA%3D%3D,2026-07-17
"authbridge|product marketing manager|gurugram, haryana, india",AuthBridge,Product Marketing Manager,"Gurugram, Haryana, India",https://in.linkedin.com/jobs/view/product-marketing-manager-at-authbridge-4437634017?position=10&pageNum=2&refId=gvCgOwmQaWEGmUxJkhQTsQ%3D%3D&trackingId=j%2Br%2FqfF%2F8NJn9itGnp0jOA%3D%3D,2026-07-17
"1cell.ai inc.|product marketing manager|mumbai, maharashtra, india",1Cell.Ai Inc.,Product Marketing Manager,"Mumbai, Maharashtra, India",https://in.linkedin.com/jobs/view/product-marketing-manager-at-1cell-ai-inc-4440523347?position=2&pageNum=5&refId=qzloIYpHYeMbKRiv5kvKNw%3D%3D&trackingId=6y9hSsvHdBWhhDfqIFdJFw%3D%3D,2026-07-17
"hclsoftware|product marketing manager|noida, uttar pradesh, india",HCLSoftware,Product Marketing Manager,"Noida, Uttar Pradesh, India",https://in.linkedin.com/jobs/view/product-marketing-manager-at-hclsoftware-4439008174?position=8&pageNum=5&refId=qzloIYpHYeMbKRiv5kvKNw%3D%3D&trackingId=YOsGll%2Fu6yf7NH2eEU2nkA%3D%3D,2026-07-17
"ozone group|brand manager|gurugram, haryana, india",Ozone Group,Brand Manager,"Gurugram, Haryana, India",https://in.linkedin.com/jobs/view/brand-manager-at-ozone-group-4427833316?position=8&pageNum=7&refId=LcJ18VQ6WzZG9Q%2F6TobyVw%3D%3D&trackingId=6uQgr69%2F3ghgIeZSnhUSBg%3D%3D,2026-07-17
"godrej industries group|brand manager - international sales|mumbai, maharashtra, india",Godrej Industries Group,Brand Manager - International Sales,"Mumbai, Maharashtra, India",https://in.linkedin.com/jobs/view/brand-manager-international-sales-at-godrej-industries-group-4431769131?position=10&pageNum=7&refId=LcJ18VQ6WzZG9Q%2F6TobyVw%3D%3D&trackingId=pwOd5dea1PYGK%2Ft%2Bj1HEbA%3D%3D,2026-07-17
"vvf group|brand manager – integrated marketing|mumbai, maharashtra, india",VVF Group,Brand Manager – Integrated Marketing,"Mumbai, Maharashtra, India",https://in.linkedin.com/jobs/view/brand-manager-%E2%80%93-integrated-marketing-at-vvf-group-4436321209?position=7&pageNum=7&refId=ubfsEZzNANFaholAKm9EWg%3D%3D&trackingId=mELauo6bRfL2R47zElG51A%3D%3D,2026-07-17
"healthkart|senior brand manager|gurugram, haryana, india",HealthKart,Senior Brand Manager,"Gurugram, Haryana, India",https://in.linkedin.com/jobs/view/senior-brand-manager-at-healthkart-4438786675?position=9&pageNum=7&refId=ubfsEZzNANFaholAKm9EWg%3D%3D&trackingId=XfmsBeIhlPGxCt2AM31NTA%3D%3D,2026-07-17
sun pharma|assistant product manager|mumbai metropolitan region,SUN PHARMA,Assistant Product Manager,Mumbai Metropolitan Region,https://in.linkedin.com/jobs/view/assistant-product-manager-at-sun-pharma-4428932492?position=10&pageNum=2&refId=Szkd%2BiF3yXd%2Br2JjDzyc%2Fw%3D%3D&trackingId=9Ii0S4%2F40HlxyIYXzMBNTQ%3D%3D,2026-07-17
"zafify|brand manager - product launches d2c|delhi, india",Zafify,Brand Manager - Product Launches D2C,"Delhi, India",https://in.linkedin.com/jobs/view/brand-manager-product-launches-d2c-at-zafify-4435950681?position=10&pageNum=5&refId=SBf97O%2FHbJE1f6sPzRNCXA%3D%3D&trackingId=cmFi6Vl7yzvixUpJ98O1%2FQ%3D%3D,2026-07-17
"amazon|sales operations and strategy manager, amazon ad sales|mumbai metropolitan region",Amazon,"Sales Operations and Strategy Manager, Amazon Ad Sales",Mumbai Metropolitan Region,https://in.linkedin.com/jobs/view/sales-operations-and-strategy-manager-amazon-ad-sales-at-amazon-4416266920?position=8&pageNum=7&refId=nsiFuPlAbjCr60aukOUhxA%3D%3D&trackingId=0cUPxP4s%2BBxh7b%2FY%2FvpAgw%3D%3D,2026-07-17
"strada|workday consultant|navi mumbai, maharashtra, india",Strada,Workday Consultant,"Navi Mumbai, Maharashtra, India",https://in.linkedin.com/jobs/view/workday-consultant-at-strada-4435693097?position=5&pageNum=0&refId=DKwr9zHRsr%2Ft40YARtadSg%3D%3D&trackingId=YIDaVv3GyLQrrA%2BqC6Wq3A%3D%3D,2026-07-17
"accenture in india|s&c gn - mc - industry x – capital projects – consultant|gurugram, haryana, india",Accenture in India,S&C GN - MC - Industry X – Capital Projects – Consultant,"Gurugram, Haryana, India",https://in.linkedin.com/jobs/view/s-c-gn-mc-industry-x-%E2%80%93-capital-projects-%E2%80%93-consultant-at-accenture-in-india-4384770831?position=6&pageNum=0&refId=DKwr9zHRsr%2Ft40YARtadSg%3D%3D&trackingId=%2BZyFgouSbhSOrp3VMcRjsA%3D%3D,2026-07-17
"asian hires|epm consultant|mumbai, maharashtra, india",Asian Hires,EPM Consultant,"Mumbai, Maharashtra, India",https://in.linkedin.com/jobs/view/epm-consultant-at-asian-hires-4438938060?position=7&pageNum=0&refId=DKwr9zHRsr%2Ft40YARtadSg%3D%3D&trackingId=IQfW53FLeTl3zjurZs8rww%3D%3D,2026-07-17
"mercer|senior consultant - compensation consulting|mumbai, maharashtra, india",Mercer,Senior Consultant - Compensation Consulting,"Mumbai, Maharashtra, India",https://in.linkedin.com/jobs/view/senior-consultant-compensation-consulting-at-mercer-4440689320?position=10&pageNum=0&refId=DKwr9zHRsr%2Ft40YARtadSg%3D%3D&trackingId=8jxgkviMA8R%2Fp58poTG95A%3D%3D,2026-07-17
"kpmg india|consultant/am - market risk|gurugram, haryana, india",KPMG India,Consultant/AM - Market Risk,"Gurugram, Haryana, India",https://in.linkedin.com/jobs/view/consultant-am-market-risk-at-kpmg-india-4441467124?position=1&pageNum=2&refId=Cjf5r1CW254FBYCcc5ne3w%3D%3D&trackingId=g4JGM6Eoah84O0Spq0wmgQ%3D%3D,2026-07-17
"pwc india|senior consultant|noida, uttar pradesh, india",PwC India,Senior Consultant,"Noida, Uttar Pradesh, India",https://in.linkedin.com/jobs/view/senior-consultant-at-pwc-india-4439426231?position=5&pageNum=2&refId=Cjf5r1CW254FBYCcc5ne3w%3D%3D&trackingId=bz8LozxBU%2F8I%2BE2piq8AoA%3D%3D,2026-07-17
"e-hireo|growth consultant|delhi, india",e-Hireo,Growth Consultant,"Delhi, India",https://in.linkedin.com/jobs/view/growth-consultant-at-e-hireo-4440002446?position=10&pageNum=2&refId=Cjf5r1CW254FBYCcc5ne3w%3D%3D&trackingId=8DF2l2xmmX5%2Bxh0CkQAO%2FA%3D%3D,2026-07-17
"pwc india|senior consultant|mumbai, maharashtra, india",PwC India,Senior Consultant,"Mumbai, Maharashtra, India",https://in.linkedin.com/jobs/view/senior-consultant-at-pwc-india-4439345022?position=1&pageNum=0&refId=%2FxYgCnt2Nme4sSS0BKv6Pw%3D%3D&trackingId=e0CFO5cTwbb%2B6TxJ6cVuKg%3D%3D,2026-07-17
"atos|senior consultant|navi mumbai, maharashtra, india",Atos,SENIOR CONSULTANT,"Navi Mumbai, Maharashtra, India",https://in.linkedin.com/jobs/view/senior-consultant-at-atos-4437691334?position=3&pageNum=0&refId=%2FxYgCnt2Nme4sSS0BKv6Pw%3D%3D&trackingId=hHrRvzBhn9e9GX1jy3ulYQ%3D%3D,2026-07-17
"wipro|senior consultant - tech & impl l1|gurugram, haryana, india",Wipro,SENIOR CONSULTANT - TECH & IMPL L1,"Gurugram, Haryana, India",https://in.linkedin.com/jobs/view/senior-consultant-tech-impl-l1-at-wipro-4434411506?position=7&pageNum=0&refId=%2FxYgCnt2Nme4sSS0BKv6Pw%3D%3D&trackingId=5xnHxn68jUApDy6uWKQTeg%3D%3D,2026-07-17
"pwc india|senior consultant|delhi, india",PwC India,Senior Consultant,"Delhi, India",https://in.linkedin.com/jobs/view/senior-consultant-at-pwc-india-4432618600?position=4&pageNum=7&refId=gKFlrKvJaZAXyQVyvxdo9w%3D%3D&trackingId=5IOOPFXzdJKe0LE4V8UnNQ%3D%3D,2026-07-17
"capgemini|program manager|gurgaon, haryana, india",Capgemini,Program Manager,"Gurgaon, Haryana, India",https://in.linkedin.com/jobs/view/program-manager-at-capgemini-4438272035?position=10&pageNum=2&refId=I3UaziH1MTuiymJt4i%2FNdQ%3D%3D&trackingId=Kfw4h8eg%2BgyyoVBqza42uw%3D%3D,2026-07-17
"crompton greaves consumer electricals limited|product manager|mumbai, maharashtra, india",Crompton Greaves Consumer Electricals Limited,Product Manager,"Mumbai, Maharashtra, India",https://in.linkedin.com/jobs/view/product-manager-at-crompton-greaves-consumer-electricals-limited-4435945393?position=7&pageNum=2&refId=RphaJc2e%2BjY2Lo%2FPddQzJg%3D%3D&trackingId=ojkTjntE0BV0agYVf9rAwg%3D%3D,2026-07-17
"sumo logic|product manager|noida, uttar pradesh, india",Sumo Logic,Product Manager,"Noida, Uttar Pradesh, India",https://in.linkedin.com/jobs/view/product-manager-at-sumo-logic-4416608223?position=8&pageNum=2&refId=RphaJc2e%2BjY2Lo%2FPddQzJg%3D%3D&trackingId=1AaLIfopNtVQIU5U%2B3h7Dw%3D%3D,2026-07-17
"bullet microdrama ott|product manager|new delhi, delhi, india",Bullet Microdrama OTT,Product Manager,"New Delhi, Delhi, India",https://in.linkedin.com/jobs/view/product-manager-at-bullet-microdrama-ott-4435767282?position=8&pageNum=5&refId=QiEbkNQcuebZNm2D%2FQRG5g%3D%3D&trackingId=jI36Mn1ZKqw6IjZiHUIuoQ%3D%3D,2026-07-17
"nuclei|associate product manager|delhi, delhi, india",Nuclei,Associate Product Manager,"Delhi, Delhi, India",https://in.linkedin.com/jobs/view/associate-product-manager-at-nuclei-4440607453?position=2&pageNum=0&refId=ZgI%2B8gOr90ukKCxv%2FAbjCg%3D%3D&trackingId=WqcxcEy90zMIIbAgZv3S1Q%3D%3D,2026-07-17
"skeps|associate product manager|gurgaon, haryana, india",Skeps,Associate Product Manager,"Gurgaon, Haryana, India",https://in.linkedin.com/jobs/view/associate-product-manager-at-skeps-4436959009?position=3&pageNum=0&refId=ZgI%2B8gOr90ukKCxv%2FAbjCg%3D%3D&trackingId=HPgWV1%2BRI7bqtYVURUwIhA%3D%3D,2026-07-17
"flick2know|associate product manager | gurgaon|gurugram, haryana, india",Flick2Know,Associate Product Manager | Gurgaon,"Gurugram, Haryana, India",https://in.linkedin.com/jobs/view/associate-product-manager-gurgaon-at-flick2know-4416164362?position=4&pageNum=0&refId=ZgI%2B8gOr90ukKCxv%2FAbjCg%3D%3D&trackingId=wnVmfINKcgPXHY5%2FpPcqfw%3D%3D,2026-07-17
"aisensy|associate product manager|gurugram, haryana, india",AiSensy,Associate Product Manager,"Gurugram, Haryana, India",https://in.linkedin.com/jobs/view/associate-product-manager-at-aisensy-4430696335?position=6&pageNum=0&refId=ZgI%2B8gOr90ukKCxv%2FAbjCg%3D%3D&trackingId=ScfXZI21jo%2BRbKOX037v1w%3D%3D,2026-07-17
"shaadi.com|associate product manager|mumbai, maharashtra, india",Shaadi.com,Associate Product Manager,"Mumbai, Maharashtra, India",https://in.linkedin.com/jobs/view/associate-product-manager-at-shaadi-com-4432193642?position=9&pageNum=0&refId=ZgI%2B8gOr90ukKCxv%2FAbjCg%3D%3D&trackingId=NNKAPDZh30KTUdTWIWtxNA%3D%3D,2026-07-17
"spinny|group product manager|gurugram, haryana, india",Spinny,Group Product Manager,"Gurugram, Haryana, India",https://in.linkedin.com/jobs/view/group-product-manager-at-spinny-4434986415?position=1&pageNum=2&refId=2skiuf%2FMX12cppOo%2Bpz0dw%3D%3D&trackingId=FFgNVZYcE1ZANuld5SWSgg%3D%3D,2026-07-17
"cvent|senior product manager (integrations)|gurugram, haryana, india",Cvent,Senior Product Manager (Integrations),"Gurugram, Haryana, India",https://in.linkedin.com/jobs/view/senior-product-manager-integrations-at-cvent-4437376800?position=4&pageNum=2&refId=2skiuf%2FMX12cppOo%2Bpz0dw%3D%3D&trackingId=ji9MYmZCgwVtc1Q5zqXaMw%3D%3D,2026-07-17
revv|product manager|gurgaon,Revv,Product Manager,Gurgaon,https://www.instahyre.com/job-430983-product-manager-at-revv-gurgaon/,2026-07-17
urban harvest|associate product manager|noida,Urban Harvest,Associate Product Manager,Noida,https://www.instahyre.com/job-424858-associate-product-manager-at-urban-harvest-noida/,2026-07-17
deutsche telekom digital labs|senior product manager 1|gurgaon,Deutsche Telekom Digital Labs,Senior Product Manager 1,Gurgaon,https://www.instahyre.com/job-427511-senior-product-manager-1-at-deutsche-telekom-digital-labs-gurgaon/,2026-07-17
deutsche telekom digital labs|product manager - ai|gurgaon,Deutsche Telekom Digital Labs,Product Manager - AI,Gurgaon,https://www.instahyre.com/job-425523-product-manager-ai-at-deutsche-telekom-digital-labs-gurgaon/,2026-07-17
deutsche telekom digital labs|senior product manager - ai|gurgaon,Deutsche Telekom Digital Labs,Senior Product Manager - AI,Gurgaon,https://www.instahyre.com/job-428943-senior-product-manager-ai-at-deutsche-telekom-digital-labs-gurgaon/,2026-07-17
deutsche telekom digital labs|senior product manager|gurgaon,Deutsche Telekom Digital Labs,Senior Product Manager,Gurgaon,https://www.instahyre.com/job-427450-senior-product-manager-at-deutsche-telekom-digital-labs-gurgaon/,2026-07-17
deutsche telekom digital labs|ai product manager|gurgaon,Deutsche Telekom Digital Labs,AI Product Manager,Gurgaon,https://www.instahyre.com/job-425524-ai-product-manager-at-deutsche-telekom-digital-labs-gurgaon/,2026-07-17
deutsche telekom digital labs|senior product manager 2|gurgaon,Deutsche Telekom Digital Labs,Senior Product Manager 2,Gurgaon,https://www.instahyre.com/job-432398-senior-product-manager-2-at-deutsche-telekom-digital-labs-gurgaon/,2026-07-17
"deutsche telekom digital labs|principal product manager|delhi,gurgaon,noida",Deutsche Telekom Digital Labs,Principal Product Manager,"Delhi,Gurgaon,Noida",https://www.instahyre.com/job-433878-principal-product-manager-at-deutsche-telekom-digital-labs-delhi-gurgaon-noida/,2026-07-17
greyorange|senior product manager|gurgaon,GreyOrange,Senior Product Manager,Gurgaon,https://www.instahyre.com/job-431825-senior-product-manager-at-greyorange-2-gurgaon/,2026-07-17
deutsche telekom digital labs|principal product manager|gurgaon,Deutsche Telekom Digital Labs,Principal Product Manager,Gurgaon,https://www.instahyre.com/job-428892-principal-product-manager-at-deutsche-telekom-digital-labs-gurgaon/,2026-07-17
greyorange|product manager|gurgaon,GreyOrange,Product Manager,Gurgaon,https://www.instahyre.com/job-428973-product-manager-at-greyorange-2-gurgaon/,2026-07-17
deutsche telekom digital labs|group product manager|gurgaon,Deutsche Telekom Digital Labs,Group Product Manager,Gurgaon,https://www.instahyre.com/job-432400-group-product-manager-at-deutsche-telekom-digital-labs-gurgaon/,2026-07-17
deutsche telekom digital labs|staff product manager ii|gurgaon,Deutsche Telekom Digital Labs,Staff Product Manager II,Gurgaon,https://www.instahyre.com/job-433879-staff-product-manager-ii-at-deutsche-telekom-digital-labs-gurgaon/,2026-07-17
deutsche telekom digital labs|senior product manager (spm2)|gurgaon,Deutsche Telekom Digital Labs,Senior Product Manager (SPM2),Gurgaon,https://www.instahyre.com/job-433103-senior-product-manager-spm2-at-deutsche-telekom-digital-labs-gurgaon/,2026-07-17
deutsche telekom digital labs|principle product manager|gurgaon,Deutsche Telekom Digital Labs,Principle Product Manager,Gurgaon,https://www.instahyre.com/job-432399-principle-product-manager-at-deutsche-telekom-digital-labs-gurgaon/,2026-07-17
greyorange|group product manager|gurgaon,GreyOrange,Group Product Manager,Gurgaon,https://www.instahyre.com/job-428975-group-product-manager-at-greyorange-2-gurgaon/,2026-07-17
greyorange|principal product manager|gurgaon,GreyOrange,Principal Product Manager,Gurgaon,https://www.instahyre.com/job-424678-principal-product-manager-at-greyorange-2-gurgaon/,2026-07-17
deutsche telekom digital labs|group product manager - b2c|gurgaon,Deutsche Telekom Digital Labs,Group Product Manager - B2C,Gurgaon,https://www.instahyre.com/job-430804-group-product-manager-b2c-at-deutsche-telekom-digital-labs-gurgaon/,2026-07-17
deutsche telekom digital labs|group product manager (agentic ai)|gurgaon,Deutsche Telekom Digital Labs,Group Product Manager (Agentic AI),Gurgaon,https://www.instahyre.com/job-426279-group-product-manager-agentic-ai-at-deutsche-telekom-digital-labs-gurgaon/,2026-07-17
deutsche telekom digital labs|product manager|gurgaon,Deutsche Telekom Digital Labs,Product Manager,Gurgaon,https://www.instahyre.com/job-422780-product-manager-at-deutsche-telekom-digital-labs-gurgaon/,2026-07-17
deutsche telekom digital labs|sr. ai product manager|gurgaon,Deutsche Telekom Digital Labs,Sr. AI Product Manager,Gurgaon,https://www.instahyre.com/job-425490-sr-ai-product-manager-at-deutsche-telekom-digital-labs-gurgaon/,2026-07-17
deutsche telekom digital labs|lead product manager|gurgaon,Deutsche Telekom Digital Labs,Lead Product Manager,Gurgaon,https://www.instahyre.com/job-432928-lead-product-manager-at-deutsche-telekom-digital-labs-gurgaon/,2026-07-17
deutsche telekom digital labs|group product manager - agentic ai|gurgaon,Deutsche Telekom Digital Labs,Group Product Manager - Agentic AI,Gurgaon,https://www.instahyre.com/job-426367-group-product-manager-agentic-ai-at-deutsche-telekom-digital-labs-gurgaon/,2026-07-17
deutsche telekom digital labs|senior product manager - stb|gurgaon,Deutsche Telekom Digital Labs,Senior Product Manager - STB,Gurgaon,https://www.instahyre.com/job-428743-senior-product-manager-stb-at-deutsche-telekom-digital-labs-gurgaon/,2026-07-17
skeps|associate product manager|gurgaon,Skeps,Associate Product Manager,Gurgaon,https://www.instahyre.com/job-430453-associate-product-manager-at-skeps-gurgaon/,2026-07-17
deutsche telekom digital labs|senior product manager - ii|gurgaon,Deutsche Telekom Digital Labs,Senior Product Manager - II,Gurgaon,https://www.instahyre.com/job-432367-senior-product-manager-ii-at-deutsche-telekom-digital-labs-gurgaon/,2026-07-17
cloudkeeper|product manager|noida,CloudKeeper,Product Manager,Noida,https://www.instahyre.com/job-433059-product-manager-at-cloudkeeper-noida/,2026-07-17
truva|associate brand manager|mumbai,Truva,Associate Brand Manager,Mumbai,https://www.instahyre.com/job-432776-associate-brand-manager-at-truva-mumbai/,2026-07-17
sova health|brand manager|gurgaon,Sova Health,Brand Manager,Gurgaon,https://www.instahyre.com/job-425579-brand-manager-at-sova-health-gurgaon/,2026-07-17
getsetyo|brand manager|gurgaon,GetSetYo,Brand Manager,Gurgaon,https://www.instahyre.com/job-428529-brand-manager-at-getsetyo-2-gurgaon/,2026-07-17
sorta famous|senior brand manager|mumbai,Sorta Famous,Senior Brand Manager,Mumbai,https://www.instahyre.com/job-433612-senior-brand-manager-at-sorta-famous-mumbai/,2026-07-17
"inamo|program manager|bangalore,mumbai",Inamo,Program Manager,"Bangalore,Mumbai",https://www.instahyre.com/job-428668-program-manager-at-inamo-bangalore-mumbai/,2026-07-17
iqlytics solutions|supply chain analytics consultant|mumbai,IQlytics Solutions,Supply Chain Analytics Consultant,Mumbai,https://www.instahyre.com/job-427308-supply-chain-analytics-consultant-at-iqlytics-solutions-mumbai/,2026-07-17
"shipsy|senior consultant - growth, value|gurgaon",Shipsy,"Senior Consultant - Growth, Value",Gurgaon,https://www.instahyre.com/job-421648-senior-consultant-growth-value-at-shipsy-gurgaon/,2026-07-17
sterlite technologies|sap mm consultant|mumbai,Sterlite Technologies,SAP MM Consultant,Mumbai,https://www.instahyre.com/job-433822-sap-mm-consultant-at-sterlite-technologies-mumbai/,2026-07-17
creatif technologies|erp functional consultant|navi mumbai,Creatif Technologies,ERP Functional Consultant,Navi Mumbai,https://www.instahyre.com/job-431395-erp-functional-consultant-at-creatif-technologies-navi-mumbai/,2026-07-17
"virtuoso consulting & technology|sap crm is - u consultant|hyderabad,noida",Virtuoso Consulting & Technology,SAP CRM IS - U Consultant,"Hyderabad,Noida",https://www.instahyre.com/job-431491-sap-crm-is-u-consultant-at-virtuoso-consulting-technology-hyderabad-noida/,2026-07-17
"accenture|genesys consultant|bangalore,gurgaon,pune",Accenture,Genesys Consultant,"Bangalore,Gurgaon,Pune",https://www.instahyre.com/job-430589-genesys-consultant-at-accenture-2-bangalore-gurgaon-pune/,2026-07-17
"ingenx technology|sr. sap abap consultant|gurgaon,noida",IngenX Technology,Sr. SAP ABAP Consultant,"Gurgaon,Noida",https://www.instahyre.com/job-413328-sr-sap-abap-consultant-at-ingenx-technology-gurgaon-noida/,2026-07-17
"eagle jewellery machinery tools|sap mm consultant|mumbai,navi mumbai",Eagle Jewellery Machinery Tools,SAP MM Consultant,"Mumbai,Navi Mumbai",https://www.instahyre.com/job-423186-sap-mm-consultant-at-eagle-jewellery-machinery-tools-mumbai-navi-mumbai/,2026-07-17
"accenture|sap is - u consultant|bangalore,gurgaon,mumbai",Accenture,SAP IS - U Consultant,"Bangalore,Gurgaon,Mumbai",https://www.instahyre.com/job-417193-sap-is-u-consultant-at-accenture-2-bangalore-gurgaon-mumbai/,2026-07-17
"accenture|sap ewm consultant|bangalore,gurgaon,mumbai",Accenture,SAP EWM Consultant,"Bangalore,Gurgaon,Mumbai",https://www.instahyre.com/job-417115-sap-ewm-consultant-at-accenture-2-bangalore-gurgaon-mumbai/,2026-07-17
engineo solutions|implementation consultant|gurgaon,EngiNeo Solutions,Implementation Consultant,Gurgaon,https://www.instahyre.com/job-418779-implementation-consultant-at-engineo-solutions-gurgaon/,2026-07-17
"accenture|sap brim consultant|bangalore,gurgaon,mumbai",Accenture,SAP BRIM Consultant,"Bangalore,Gurgaon,Mumbai",https://www.instahyre.com/job-417845-sap-brim-consultant-at-accenture-2-bangalore-gurgaon-mumbai/,2026-07-17
"accenture|gis consultant|bangalore,gurgaon,mumbai",Accenture,GIS Consultant,"Bangalore,Gurgaon,Mumbai",https://www.instahyre.com/job-414557-gis-consultant-at-accenture-2-bangalore-gurgaon-mumbai/,2026-07-17
"accenture|amazon connect consultant|bangalore,gurgaon,mumbai",Accenture,Amazon Connect Consultant,"Bangalore,Gurgaon,Mumbai",https://www.instahyre.com/job-413230-amazon-connect-consultant-at-accenture-2-bangalore-gurgaon-mumbai/,2026-07-17
"accenture|llm engineer consultant|bangalore,gurgaon,mumbai",Accenture,LLM Engineer Consultant,"Bangalore,Gurgaon,Mumbai",https://www.instahyre.com/job-412524-llm-engineer-consultant-at-accenture-2-bangalore-gurgaon-mumbai/,2026-07-17
"virtuoso consulting & technology|sap is - u crm consultant|bangalore,hyderabad,noida",Virtuoso Consulting & Technology,SAP IS - U CRM Consultant,"Bangalore,Hyderabad,Noida",https://www.instahyre.com/job-431621-sap-is-u-crm-consultant-at-virtuoso-consulting-technology-bangalore-hyderabad-noida/,2026-07-17
"qinecsa solutions|solution design consultant|bangalore,delhi,noida",Qinecsa Solutions,Solution Design Consultant,"Bangalore,Delhi,Noida",https://www.instahyre.com/job-426798-solution-design-consultant-at-qinecsa-solutions-bangalore-delhi-noida/,2026-07-17
"yellow octo|sap sd functional consultant|bangalore,bhopal,mumbai",Yellow Octo,SAP SD Functional Consultant,"Bangalore,Bhopal,Mumbai",https://www.instahyre.com/job-424024-sap-sd-functional-consultant-at-yellow-octo-bangalore-bhopal-mumbai/,2026-07-17
accenture|sprinklr consultant|mumbai,Accenture,Sprinklr Consultant,Mumbai,https://www.instahyre.com/job-423830-sprinklr-consultant-at-accenture-2-mumbai/,2026-07-17
"adobe|technical consultant iam|bangalore,noida",Adobe,Technical Consultant IAM,"Bangalore,Noida",https://www.instahyre.com/job-433610-technical-consultant-iam-at-adobe-bangalore-noida/,2026-07-17
cashfree|senior technical program manager|gurgaon,Cashfree,Senior Technical Program Manager,Gurgaon,https://www.instahyre.com/job-431513-senior-technical-program-manager-at-cashfree-gurgaon/,2026-07-17
emb global|ai consultant|gurgaon,EMB Global,AI Consultant,Gurgaon,https://www.instahyre.com/job-425188-ai-consultant-at-emb-global-gurgaon/,2026-07-17
docengage|oracle hcm technical consultant|gurgaon,DocEngage,Oracle HCM Technical Consultant,Gurgaon,https://www.instahyre.com/job-421056-oracle-hcm-technical-consultant-at-docengage-gurgaon/,2026-07-17
squadstack.ai|product manager - ai agent|noida,SquadStack.ai,Product Manager - AI Agent,Noida,https://www.instahyre.com/job-432935-product-manager-ai-agent-at-squadstack-noida/,2026-07-17
"ingenx technology|senior sap abap consultant|gurgaon,noida",IngenX Technology,Senior SAP ABAP Consultant,"Gurgaon,Noida",https://www.instahyre.com/job-415101-senior-sap-abap-consultant-at-ingenx-technology-gurgaon-noida/,2026-07-17
win home inspection|product manager|greater delhi area,WIN Home Inspection,Product Manager,Greater Delhi Area,https://in.linkedin.com/jobs/view/product-manager-at-win-home-inspection-4412780797?position=10&pageNum=2&refId=XvcPzKIr91Y5HpwxARaaaQ%3D%3D&trackingId=XBJFfRFN2noA3ymerC%2FUSw%3D%3D,2026-07-17
traya|traya health - product manager|mumbai metropolitan region,Traya,Traya Health - Product Manager,Mumbai Metropolitan Region,https://in.linkedin.com/jobs/view/traya-health-product-manager-at-traya-4422631791?position=10&pageNum=5&refId=KDK8ISDPXzLyp3r5Ty1eow%3D%3D&trackingId=2phnGlNM%2BAiOXv5Appxiiw%3D%3D,2026-07-17
"sumo logic|senior product manager i|noida, uttar pradesh, india",Sumo Logic,Senior Product Manager I,"Noida, Uttar Pradesh, India",https://in.linkedin.com/jobs/view/senior-product-manager-i-at-sumo-logic-4416091411?position=2&pageNum=2&refId=OE9NDBQq6poknjkbJ72s1w%3D%3D&trackingId=faGMu9TlC7MHESV53m%2BTSQ%3D%3D,2026-07-17
"ipca laboratories limited, kandivali|group product manager|mumbai, maharashtra, india","Ipca Laboratories Limited, Kandivali",Group Product Manager,"Mumbai, Maharashtra, India",https://in.linkedin.com/jobs/view/group-product-manager-4303963792?position=1&pageNum=7&refId=p9nujbeEvT4F%2BniOWY6BYw%3D%3D&trackingId=OTRSWlN4UwSVTvTIstQebg%3D%3D&trk=public_jobs_jserp-result_search-card,2026-07-17
abbott|group product manager- restora|mumbai metropolitan region,Abbott,Group Product Manager- Restora,Mumbai Metropolitan Region,https://in.linkedin.com/jobs/view/group-product-manager-restora-at-abbott-4420291794?position=3&pageNum=7&refId=p9nujbeEvT4F%2BniOWY6BYw%3D%3D&trackingId=QUQs35xO64W%2BBSEnN7pcgQ%3D%3D,2026-07-17
sun pharma|group product manager|mumbai metropolitan region,SUN PHARMA,Group Product Manager,Mumbai Metropolitan Region,https://in.linkedin.com/jobs/view/group-product-manager-at-sun-pharma-4426853591?position=5&pageNum=7&refId=p9nujbeEvT4F%2BniOWY6BYw%3D%3D&trackingId=m%2FdsrOCoaVIocMamCcvnCw%3D%3D,2026-07-17
sun pharma|group product manager - sunvizen|mumbai metropolitan region,SUN PHARMA,Group Product Manager - Sunvizen,Mumbai Metropolitan Region,https://in.linkedin.com/jobs/view/group-product-manager-sunvizen-at-sun-pharma-4424810013?position=8&pageNum=7&refId=p9nujbeEvT4F%2BniOWY6BYw%3D%3D&trackingId=vlPdSyXy%2B82Un4kc09qnoA%3D%3D,2026-07-17
"makemytrip|associate product manager (connect)|gurgaon, haryana, india",MakeMyTrip,Associate Product Manager (Connect),"Gurgaon, Haryana, India",https://in.linkedin.com/jobs/view/associate-product-manager-connect-at-makemytrip-4405817132?position=3&pageNum=0&refId=43EQudblW9uFEUo3yEl%2Fxg%3D%3D&trackingId=Sho%2FO81%2FosRW9z84oEXnzw%3D%3D,2026-07-17
kotak mahindra bank|product manager- diy|mumbai metropolitan region,Kotak Mahindra Bank,Product Manager-  DIY,Mumbai Metropolitan Region,https://in.linkedin.com/jobs/view/product-manager-diy-at-kotak-mahindra-bank-4428944314?position=2&pageNum=5&refId=EFlRF%2B9qFN7lyE3cpp0LXw%3D%3D&trackingId=gwzqmj2c%2BuLU0O2lfjRANw%3D%3D,2026-07-17
"beam ai|associate product manager|noida, uttar pradesh, india",Beam AI,Associate Product Manager,"Noida, Uttar Pradesh, India",https://in.linkedin.com/jobs/view/associate-product-manager-at-beam-ai-4437676251?position=4&pageNum=5&refId=EFlRF%2B9qFN7lyE3cpp0LXw%3D%3D&trackingId=E22ZgiyP%2BuRj%2FtYIA9a9qA%3D%3D,2026-07-17
"idfc first bank|senior product marketing manager|mumbai, maharashtra, india",IDFC FIRST Bank,Senior Product Marketing Manager,"Mumbai, Maharashtra, India",https://in.linkedin.com/jobs/view/senior-product-marketing-manager-at-idfc-first-bank-4424069402?position=10&pageNum=7&refId=2zkx%2BYS3pLEakyA%2BB2J2ZQ%3D%3D&trackingId=DZ4whc%2F32z5SaSRTN%2Bm01A%3D%3D,2026-07-17
"galderma|assistant brand manager|mumbai, maharashtra, india",Galderma,Assistant Brand Manager,"Mumbai, Maharashtra, India",https://in.linkedin.com/jobs/view/assistant-brand-manager-at-galderma-4438612450?position=10&pageNum=2&refId=ElQkOFqaqrM4CQnnYEPnTw%3D%3D&trackingId=B209GjquUOgn5E0c5hQ53Q%3D%3D,2026-07-17
"please see//|senior brand manager|mumbai, maharashtra, india",Please See//,Senior Brand Manager,"Mumbai, Maharashtra, India",https://in.linkedin.com/jobs/view/senior-brand-manager-at-please-see-4435043582?position=8&pageNum=7&refId=oBJZCazvVCi0QwUm8Hlgjw%3D%3D&trackingId=7%2FX2c3sR7bdW5pwixflNxQ%3D%3D,2026-07-17
"crestra communication pvt. ltd.|brand manager|new delhi, delhi, india",Crestra Communication Pvt. Ltd.,Brand Manager,"New Delhi, Delhi, India",https://in.linkedin.com/jobs/view/brand-manager-at-crestra-communication-pvt-ltd-4437367349?position=10&pageNum=7&refId=oBJZCazvVCi0QwUm8Hlgjw%3D%3D&trackingId=ptAHS5qnPIRvYxkcDgHgPw%3D%3D,2026-07-17
"kaidoo kids|brand manager|mumbai, maharashtra, india",Kaidoo Kids,Brand Manager,"Mumbai, Maharashtra, India",https://in.linkedin.com/jobs/view/brand-manager-at-kaidoo-kids-4437690035?position=3&pageNum=7&refId=RZOth2YSI%2Bz6A2C2pVEyhA%3D%3D&trackingId=7ti8rjfMT%2BsCnh%2Bye1ro2g%3D%3D,2026-07-17
"idfc first bank|strategy manager-debt management|mumbai, maharashtra, india",IDFC FIRST Bank,Strategy Manager-Debt Management,"Mumbai, Maharashtra, India",https://in.linkedin.com/jobs/view/strategy-manager-debt-management-at-idfc-first-bank-4431244869?position=10&pageNum=5&refId=oWMazOh6SLEdjPtOgF8Jfw%3D%3D&trackingId=z1Pi6nedT1kfa5J4Mj1caQ%3D%3D,2026-07-17
"infosys bpm|infosys bpm is hiring for p&c actuarial consultant- mumbai, delhi, pune , bangalore|mumbai, maharashtra, india",Infosys BPM,"Infosys BPM is hiring for P&C Actuarial Consultant- Mumbai, Delhi, Pune , Bangalore","Mumbai, Maharashtra, India",https://in.linkedin.com/jobs/view/infosys-bpm-is-hiring-for-p-c-actuarial-consultant-mumbai-delhi-pune-bangalore-at-infosys-bpm-4435216326?position=2&pageNum=7&refId=Ntp0sKHVmMwxxepa1GUS%2FQ%3D%3D&trackingId=d1MdODAND8nuaSvvtfTD5g%3D%3D,2026-07-17
"clearview healthcare partners|life sciences consultant - india|gurgaon, haryana, india",ClearView Healthcare Partners,Life Sciences Consultant - India,"Gurgaon, Haryana, India",https://in.linkedin.com/jobs/view/life-sciences-consultant-india-at-clearview-healthcare-partners-4417669385?position=3&pageNum=7&refId=Ntp0sKHVmMwxxepa1GUS%2FQ%3D%3D&trackingId=NB0dEyem8GcUIIeCQx55DA%3D%3D,2026-07-17
"deutsche bank|management consulting consultant, as|mumbai, maharashtra, india",Deutsche Bank,"Management Consulting Consultant, AS","Mumbai, Maharashtra, India",https://in.linkedin.com/jobs/view/management-consulting-consultant-as-at-deutsche-bank-4429167697?position=1&pageNum=2&refId=5EaeC2h2xF7t7A9PSLn8tA%3D%3D&trackingId=QNa0XChMjtn4ThMpXj%2BCvw%3D%3D,2026-07-17
"bristlecone|consultant - emerging platforms|mumbai, maharashtra, india",Bristlecone,Consultant - Emerging Platforms,"Mumbai, Maharashtra, India",https://in.linkedin.com/jobs/view/consultant-emerging-platforms-at-bristlecone-4429774316?position=8&pageNum=2&refId=5EaeC2h2xF7t7A9PSLn8tA%3D%3D&trackingId=hK8Gh24i4eWAAEAbNtSdbw%3D%3D,2026-07-17
"delhivery|product manager|gurugram, haryana, india",Delhivery,Product Manager,"Gurugram, Haryana, India",https://in.linkedin.com/jobs/view/product-manager-at-delhivery-4439218010?position=7&pageNum=7&refId=oZp3TZT2%2FwdGcmwwc%2BmtQA%3D%3D&trackingId=8RidhOpzrUmOFw3gJXKEYg%3D%3D,2026-07-17
"netomi|senior product manager|gurugram, haryana, india",Netomi,Senior Product Manager,"Gurugram, Haryana, India",https://in.linkedin.com/jobs/view/senior-product-manager-at-netomi-4437661067?position=1&pageNum=7&refId=W2weS35G9tZXmO8LOmrpxQ%3D%3D&trackingId=RpWhK%2FmBf2fyZu38qbtMcQ%3D%3D,2026-07-17
sun pharma|group product manager - arian (cvd)|mumbai metropolitan region,SUN PHARMA,Group Product Manager - Arian (CVD),Mumbai Metropolitan Region,https://in.linkedin.com/jobs/view/group-product-manager-arian-cvd-at-sun-pharma-4429086552?position=1&pageNum=7&refId=OqADdNrjlyG%2BL9eRw8fISA%3D%3D&trackingId=OG0d9Z%2F5bVC7l2UCqPXhsQ%3D%3D,2026-07-17
"ipca laboratories limited|group product manager - neuropsychiatry|mumbai, maharashtra, india",Ipca Laboratories Limited,Group Product Manager - Neuropsychiatry,"Mumbai, Maharashtra, India",https://in.linkedin.com/jobs/view/group-product-manager-neuropsychiatry-at-ipca-laboratories-limited-4421801669?position=2&pageNum=7&refId=OqADdNrjlyG%2BL9eRw8fISA%3D%3D&trackingId=99N6F9S4sHaL6HlxEHfEmw%3D%3D,2026-07-17
"dainik bhaskar|interesting job opportunity: dainik bhaskar - senior product manager|noida, uttar pradesh, india",Dainik Bhaskar,Interesting Job Opportunity: Dainik Bhaskar - Senior Product Manager,"Noida, Uttar Pradesh, India",https://in.linkedin.com/jobs/view/interesting-job-opportunity-dainik-bhaskar-senior-product-manager-at-dainik-bhaskar-4422627909?position=1&pageNum=2&refId=ym6%2BK4jYgyajvUbIeHWbtA%3D%3D&trackingId=g6HKDqFcBQGywxx3s85vxw%3D%3D,2026-07-17
"precize|product manager|mumbai, maharashtra, india",Precize,Product Manager,"Mumbai, Maharashtra, India",https://in.linkedin.com/jobs/view/product-manager-at-precize-4437390355?position=3&pageNum=5&refId=WSto9MB0yz%2B9VZdGzDWKlw%3D%3D&trackingId=C7%2BMxZPgZ08K8Yp%2Fr4pXyw%3D%3D,2026-07-17
"inspektlabs|ai product manager – customer experience & growth|new delhi, delhi, india",Inspektlabs,AI Product Manager – Customer Experience & Growth,"New Delhi, Delhi, India",https://in.linkedin.com/jobs/view/ai-product-manager-%E2%80%93-customer-experience-growth-at-inspektlabs-4402369189?position=6&pageNum=5&refId=WSto9MB0yz%2B9VZdGzDWKlw%3D%3D&trackingId=5BpJGDaywPISVydpQTNqpw%3D%3D,2026-07-17
"sapat global health pvt. ltd.|technology product manager|mumbai, maharashtra, india",Sapat global health pvt. ltd.,Technology Product Manager,"Mumbai, Maharashtra, India",https://in.linkedin.com/jobs/view/technology-product-manager-at-sapat-global-health-pvt-ltd-4439217014?position=8&pageNum=5&refId=WSto9MB0yz%2B9VZdGzDWKlw%3D%3D&trackingId=pnvz4abITSGME8YGDQVIsQ%3D%3D,2026-07-17
sun pharma|senior product manager|mumbai metropolitan region,SUN PHARMA,Senior Product Manager,Mumbai Metropolitan Region,https://in.linkedin.com/jobs/view/senior-product-manager-at-sun-pharma-4348205661?position=1&pageNum=7&refId=Uzau2kT%2BzD0jOENDHyeFvA%3D%3D&trackingId=0Bwspy%2FItFOJZ8agqHVfcQ%3D%3D,2026-07-17
vymo|product marketing manager (gtm)|mumbai metropolitan region,Vymo,Product Marketing Manager (GTM),Mumbai Metropolitan Region,https://in.linkedin.com/jobs/view/product-marketing-manager-gtm-at-vymo-4397563118?position=3&pageNum=0&refId=jjJcfZVK6rJNgKsK%2BGO0Yw%3D%3D&trackingId=kI0JPBUVPOGV2PLeufM9mw%3D%3D,2026-07-17
"sneakare|brand manager|new delhi, delhi, india",Sneakare,Brand Manager,"New Delhi, Delhi, India",https://in.linkedin.com/jobs/view/brand-manager-at-sneakare-4441186083?position=10&pageNum=2&refId=gkcXAj5W%2BPYeBDgoS6OabA%3D%3D&trackingId=Rs1GXiuz%2FA7ipIA%2FPjZYMQ%3D%3D,2026-07-17
"pwc india|in-senior consultant_ emergency response support system expert_ cities_advisory _ gurgaon|gurugram, haryana, india",PwC India,IN-Senior Consultant_ Emergency Response Support System Expert_ Cities_Advisory _ Gurgaon,"Gurugram, Haryana, India",https://in.linkedin.com/jobs/view/in-senior-consultant-emergency-response-support-system-expert-cities-advisory-gurgaon-at-pwc-india-4292865881?position=1&pageNum=7&refId=6JJg1m5Erltx9IItOXl8QA%3D%3D&trackingId=0Slh09oe%2FAcwWT8cQZLEWg%3D%3D,2026-07-17
"accenture in india|gcc advisory consultant|gurugram, haryana, india",Accenture in India,GCC Advisory Consultant,"Gurugram, Haryana, India",https://in.linkedin.com/jobs/view/gcc-advisory-consultant-at-accenture-in-india-4428963738?position=3&pageNum=7&refId=iPxJ4hLNLlu10FCaanLWoQ%3D%3D&trackingId=U8p4oCRGzjMFGL7C8fnVGg%3D%3D,2026-07-17
"fitpass|associate product manager / pm-1|delhi, india",FITPASS,Associate Product Manager / PM-1,"Delhi, India",https://in.linkedin.com/jobs/view/associate-product-manager-pm-1-at-fitpass-4441171749?position=1&pageNum=2&refId=xWASZHQMnYMyxl5spvc0cg%3D%3D&trackingId=7hmK1ZjZYrNmihyt4rGVlw%3D%3D,2026-07-18
"flick2know|associate product manager apm|gurugram, haryana, india",Flick2Know,Associate Product Manager APM,"Gurugram, Haryana, India",https://in.linkedin.com/jobs/view/associate-product-manager-apm-at-flick2know-4434481129?position=8&pageNum=2&refId=xWASZHQMnYMyxl5spvc0cg%3D%3D&trackingId=Zca5oE4utYJ2iv%2BchNbP4Q%3D%3D,2026-07-18
sun pharma|product manager - sunvizen|mumbai metropolitan region,SUN PHARMA,Product Manager - Sunvizen,Mumbai Metropolitan Region,https://in.linkedin.com/jobs/view/product-manager-sunvizen-at-sun-pharma-4422723431?position=6&pageNum=2&refId=jwI70SIBFoDxZj%2FHevNM9A%3D%3D&trackingId=7Y10ovSsZa5rox%2B4VpqXKg%3D%3D,2026-07-18
"olx india|product strategy manager (cartrade mumbai)|mumbai, maharashtra, india",OLX India,Product Strategy Manager (CarTrade Mumbai),"Mumbai, Maharashtra, India",https://in.linkedin.com/jobs/view/product-strategy-manager-cartrade-mumbai-at-olx-india-4431575179?position=7&pageNum=2&refId=hYIDtyVl%2Ft4S9cfmB7U%2FDA%3D%3D&trackingId=jnDjTg4RjPXlLigcGedSTQ%3D%3D,2026-07-18
"iqvia|senior consultant- primary market research|gurugram, haryana, india",IQVIA,Senior Consultant- Primary Market Research,"Gurugram, Haryana, India",https://in.linkedin.com/jobs/view/senior-consultant-primary-market-research-at-iqvia-4435237769?position=9&pageNum=5&refId=%2B4PFNusC1O2uGger7x%2F8bQ%3D%3D&trackingId=KEEFCg%2B6AWUvWih64G%2BxOA%3D%3D,2026-07-18
pagarbook|lead product manager|gurgaon,PagarBook,Lead Product Manager,Gurgaon,https://www.instahyre.com/job-432909-lead-product-manager-at-pagarbook-gurgaon/,2026-07-18
axitrust|product manager|gurgaon,axiTrust,Product Manager,Gurgaon,https://www.instahyre.com/job-397145-product-manager-at-axitrust-gurgaon/,2026-07-18
"accenture|salesforce marketing cloud consultant|bangalore,chennai,mumbai",Accenture,Salesforce Marketing Cloud Consultant,"Bangalore,Chennai,Mumbai",https://www.instahyre.com/job-417887-salesforce-marketing-cloud-consultant-at-accenture-2-bangalore-chennai-mumbai/,2026-07-18
"accenture|ccaas consultant|bangalore,mumbai,noida",Accenture,CCaaS Consultant,"Bangalore,Mumbai,Noida",https://www.instahyre.com/job-415113-ccaas-consultant-at-accenture-2-bangalore-mumbai-noida/,2026-07-18
"accenture|senior genesys consultant|bangalore,gurgaon,mumbai",Accenture,Senior Genesys Consultant,"Bangalore,Gurgaon,Mumbai",https://www.instahyre.com/job-421113-senior-genesys-consultant-at-accenture-2-bangalore-gurgaon-mumbai/,2026-07-18
"visit health|associate product manager|noida, uttar pradesh, india",Visit Health,Associate Product Manager,"Noida, Uttar Pradesh, India",https://in.linkedin.com/jobs/view/associate-product-manager-at-visit-health-4433643755?position=9&pageNum=5&refId=Fo7Xd0RLjJCR%2Bewdki%2BQ4w%3D%3D&trackingId=TXDc5xqkuXmwEsUf0BoG0Q%3D%3D,2026-07-19
"aftershoot|senior product manager - growth|bawana, delhi, india",Aftershoot,Senior Product Manager - Growth,"Bawana, Delhi, India",https://in.linkedin.com/jobs/view/senior-product-manager-growth-at-aftershoot-4429993346?position=7&pageNum=0&refId=37eN6xH7UOtMRS0ieykKAA%3D%3D&trackingId=f8ynrxFcLtmNvTt9OQQI8g%3D%3D,2026-07-19
"seclore|senior product manager|mumbai, maharashtra, india",Seclore,Senior Product Manager,"Mumbai, Maharashtra, India",https://in.linkedin.com/jobs/view/senior-product-manager-at-seclore-4437976239?position=10&pageNum=5&refId=QhIXJpYhwNTrApHTXr%2FZog%3D%3D&trackingId=PA7mCI19%2BFzQM%2FgUpSmH8A%3D%3D,2026-07-19
sun pharma|group product manager - milmet|mumbai metropolitan region,SUN PHARMA,Group Product Manager - Milmet,Mumbai Metropolitan Region,https://in.linkedin.com/jobs/view/group-product-manager-milmet-at-sun-pharma-4420741449?position=1&pageNum=5&refId=E7sKcQQAe5FFUPTyz3brSA%3D%3D&trackingId=ugBoQghZ2GdqJYbIqgU2cA%3D%3D,2026-07-19
"capgemini|business analyst/process consultant|gurgaon, haryana, india",Capgemini,Business Analyst/Process Consultant,"Gurgaon, Haryana, India",https://in.linkedin.com/jobs/view/business-analyst-process-consultant-at-capgemini-4442438924?position=10&pageNum=5&refId=KWjtryCloGQzbAibFBcKlA%3D%3D&trackingId=wY2bntDCfSDsBIoSb8mKcA%3D%3D,2026-07-19
"kpmg india|consultant - climate risk|mumbai, maharashtra, india",KPMG India,Consultant - Climate risk,"Mumbai, Maharashtra, India",https://in.linkedin.com/jobs/view/consultant-climate-risk-at-kpmg-india-4438590363?position=8&pageNum=5&refId=%2BWsVOWp%2BOuZpjFyqCaOmlg%3D%3D&trackingId=JX8C708bqmDm1joKah3pxA%3D%3D,2026-07-19
"google|business development consultant, new business sales (english, hindi)|gurugram, haryana, india",Google,"Business Development Consultant, New Business Sales (English, Hindi)","Gurugram, Haryana, India",https://in.linkedin.com/jobs/view/business-development-consultant-new-business-sales-english-hindi-at-google-4426624839?position=10&pageNum=0&refId=l%2B7H222wNroO4tbqE2wT8Q%3D%3D&trackingId=BWClGqjkIOEyim6cPgQaKA%3D%3D,2026-07-19
speridian technologies|planning consultant|mumbai,Speridian Technologies,Planning Consultant,Mumbai,https://www.instahyre.com/job-423470-planning-consultant-at-speridian-technologies-mumbai/,2026-07-19
"wipro|kyriba consultant|bangalore,gurgaon,mumbai",Wipro,Kyriba Consultant,"Bangalore,Gurgaon,Mumbai",https://www.instahyre.com/job-434139-kyriba-consultant-at-wipro-bangalore-gurgaon-mumbai/,2026-07-19
"infosys|active directory consultant|hyderabad,mumbai,navi mumbai",Infosys,Active Directory Consultant,"Hyderabad,Mumbai,Navi Mumbai",https://www.instahyre.com/job-425994-active-directory-consultant-at-infosys-4-hyderabad-mumbai-navi-mumbai/,2026-07-19
